Grant Status ,Phase Type,Phase Status,Grant ,Long Title,Funder ,PI Name,PI Location,PI Faculty,Research Start,Research End,Outline Date,Application Date,Award Date,PI Leeds fEC (£),PI Leeds Price (£),Kristal refs PRISM,LASER,DSDP,RIS,C&P
Abeyance,Live Award,Successful,125391,"Understanding gender differences in young people’s experience of self-harm, in order to influence gender-sensitive change in our mental health services",NIHR National Inst Health Research,"Diggins, Emma, Dr",Psychological & Social Medicine,Faculty of Medicine & Health,01/04/2022,31/03/2026,,01/03/2022,14/03/2022,"760,919.01","557,272.60",125391,TRUE,FALSE,FALSE,FALSE
Award,Live Award,Successful,101488,"Liaison Psychiatry: Measurement And Evaluation of Service Types, Referral patterns and Outcomesw LP-MAESTRO",NIHR National Inst Health Research,"Guthrie, Elspeth, Prof",Psychological & Social Medicine,Faculty of Medicine & Health,01/01/2015,31/12/2022,17/10/2013,25/06/2014,30/07/2014,"1,046,829.99","874,311.58",101488,FALSE,FALSE,FALSE,FALSE
Award,Live Award,Successful,101663,Consumer Data Research Centre,ESRC (Economic and Social Research Council),"Birkin, Mark, Prof",School of Geography,Faculty of Environment,14/02/2014,31/03/2025,,09/10/2013,03/04/2014,"6,469,248.55","5,551,570.17",101663,TRUE,TRUE,FALSE,FALSE
Award,Live Award,Successful,103683,FLAIR CLL10,Janssen Pharmaceutica NV,"Howard, Helen, Dr",Inst of Clinical Trials Research (LICTR),Faculty of Medicine & Health,01/02/2013,31/07/2026,,30/07/2014,30/07/2014,"5,093,523.13","5,093,523.13",103683,TRUE,FALSE,FALSE,FALSE
Award,Live Award,Successful,103683,FLAIR CLL10,Janssen-Cilag Ltd,"Howard, Helen, Dr",Inst of Clinical Trials Research (LICTR),Faculty of Medicine & Health,01/02/2013,31/07/2026,,30/07/2014,30/07/2014,0,0,,TRUE,FALSE,FALSE,FALSE
Award,Live Award,Successful,103728,Optimal Personalised Treatment of early breast cancer using Multiparameter Analysis,NIHR National Inst Health Research,"Meads, David, Prof",Division of Health Economics,Faculty of Medicine & Health,01/10/2015,31/12/2025,,17/11/2014,18/11/2016,"269,320.00","215,456.74",103728,TRUE,FALSE,FALSE,FALSE
Award,Live Award,Successful,105290,YCR Fellowships,Yorkshire Cancer Research Account Ref: 2UOLEEDS,"Stewart, Paul, Prof",Medicine & Health Faculty Office,Faculty of Medicine & Health,01/04/2016,30/09/2028,,29/01/2015,03/06/2016,"6,856,596.82","4,040,499.00",105290,TRUE,FALSE,FALSE,FALSE
Award,Live Award,Successful,105977,Roche Mar15,Roche Diagnostics Ltd,"Quirke, Philip, Prof",Pathology & Tumour Biology,Faculty of Medicine & Health,01/09/2015,27/04/2025,,16/02/2016,16/02/2016,"750,361.00","750,361.00",105977,FALSE,FALSE,FALSE,FALSE
Award,Live Award,Successful,106856,DOES INTENSIVE MULTIDISCIPLINARY TEAM INTERVENTION IMPROVE BOWEL CANCER OUTCOMES IN YORKSHIRE,Yorkshire Cancer Research Account Ref: 2UOLEEDS,"Quirke, Philip, Prof",Division of Pathology and Data Analytics,Faculty of Medicine & Health,01/04/2016,31/12/2026,,15/12/2015,08/04/2016,"6,850,614.29","3,630,000.00",106856,TRUE,FALSE,FALSE,FALSE
Award,Live Award,Successful,108324,FLAIR,AbbVie Ltd,"Hillmen, Peter, Prof",Experimental Haematology,Faculty of Medicine & Health,01/03/2016,31/05/2026,,08/12/2016,07/04/2017,"3,552,628.00","3,552,628.00",108324,TRUE,FALSE,FALSE,FALSE
Award,Live Award,Successful,108524,Mye XIV,Cancer Research UK Supplier No: 138573,"Cook, Gordon, Prof",Inst of Clinical Trials Research (LICTR),Faculty of Medicine & Health,01/06/2017,31/08/2026,,27/01/2016,31/10/2017,"1,724,205.17","1,359,357.23",108524,TRUE,FALSE,FALSE,FALSE
Award,Live Award,Successful,109098,Improving quality of life for older people with frailty through personalised care planning,NIHR National Inst Health Research,"Clegg, Andrew, Prof",AU Elderly Care,Faculty of Medicine & Health,01/10/2017,31/08/2025,06/04/2016,13/10/2016,30/01/2018,"2,054,576.08","1,427,041.07",109098,TRUE,FALSE,FALSE,FALSE
Award,Live Award,Successful,109467,"Penicillin allergy status and its effect on antimicrobial prescribing, patient outcomes, and antimicrobial resistance.",NIHR National Inst Health Research,"Sandoe, Jonathan, Dr",Molecular Gastroenterology,Faculty of Medicine & Health,01/09/2017,31/07/2024,,26/07/2016,28/04/2017,"1,362,115.10","1,070,119.34",109467,TRUE,FALSE,FALSE,FALSE
Award,Live Award,Successful,109609,Melanoma,NIHR National Inst Health Research,"Collinson, Fiona, Dr",Inst of Clinical Trials Research (LICTR),Faculty of Medicine & Health,01/02/2017,31/05/2027,27/05/2016,21/06/2016,30/03/2017,"2,700,893.07","2,215,516.30",109609,TRUE,FALSE,FALSE,FALSE
Award,Live Award,Successful,109701,A randomised controlled trial evaluatin of a home based exercise,NIHR National Inst Health Research,"Clegg, Andrew, Prof",AU Elderly Care,Faculty of Medicine & Health,01/03/2017,31/05/2023,,22/06/2017,06/12/2017,"1,350,247.19","1,080,197.74",109701,TRUE,FALSE,FALSE,FALSE
Award,Live Award,Successful,110137,"Clinical and Cost-effectiveness of Posterior Cervical Foraminotomy versus Anterior Cervical Discectomy and Fusion in the Treatment of Cervical Brachialgia: A Multicentre, Phase III, Randomised Control Trial (FORVAD Trial)",NIHR National Inst Health Research,"Brown, Julia, Prof",Inst of Clinical Trials Research (LICTR),Faculty of Medicine & Health,01/01/2018,31/05/2021,15/08/2016,30/01/2017,29/07/2018,"566,696.00","455,027.80",110137,TRUE,FALSE,FALSE,FALSE
Award,Live Award,Successful,110642,PICANET 5,Healthcare Quality Improvement Partnership,"Feltbower, Richard, Prof",Division of Epidemiology & Biostatistics,Faculty of Medicine & Health,01/04/2017,31/03/2023,,18/11/2016,25/04/2017,"922,974.24","683,187.74",110642,TRUE,FALSE,FALSE,FALSE
Award,Live Award,Successful,111115,Function REplacement in repeated Self-Harm: Standardising Therapeutic Assessment and the Related Therapy,NIHR National Inst Health Research,"House, Allan, Prof",Psychological & Social Medicine,Faculty of Medicine & Health,01/09/2018,31/05/2026,30/11/2016,28/04/2017,31/05/2018,"4,503,461.08","2,768,240.00",111115,TRUE,FALSE,FALSE,FALSE
Award,Live Award,Successful,111200,Sustained exercise Training for Men with prostate dancer on Androgen deprivation@ the STAMINA programme,NIHR National Inst Health Research,"Farrin, Amanda, Prof",Inst of Clinical Trials Research (LICTR),Faculty of Medicine & Health,01/09/2018,01/04/2025,29/11/2016,06/04/2017,04/04/2019,"1,362,013.79","803,840.00",111200,TRUE,FALSE,FALSE,FALSE
Award,Live Award,Successful,112740,CanTest- Cancer diagnostic testing in primary care: a paradigm shift for cancer diagnosis,Cancer Research UK Supplier No: 138573,"Shinkins, Bethany, Dr",Division of Health Economics,Faculty of Medicine & Health,01/04/2017,30/11/2024,,31/07/2017,31/07/2017,"1,232,924.66","704,530.76",112740,TRUE,FALSE,FALSE,FALSE
Award,Live Award,Successful,112907,THE YORKSHIRE LUNG SCREENING TRIAL,Yorkshire Cancer Research Account Ref: 2UOLEEDS,"Callister, Matthew, Prof",Primary/Palliative Care & Public Health,Faculty of Medicine & Health,01/07/2017,30/06/2026,,01/06/2017,01/06/2017,"13,427,227.67","12,120,124.00",112907,TRUE,FALSE,FALSE,FALSE
Award,Live Award,Successful,113210,Glycaemic Control,Abbott Diabetes Care,"Ajjan, Ramzi, Prof",Div Cardiovascular & Diabetes Research,Faculty of Medicine & Health,01/05/2017,31/12/2026,,20/07/2017,20/07/2017,"96,009.00","96,009.00",113210,FALSE,FALSE,FALSE,FALSE
Award,Live Award,Successful,113603,POLAR,Zimmer GmbH,"Pandit, Hemant, Prof",Orthopaedics,Faculty of Medicine & Health,13/10/2017,31/12/2026,,27/09/2017,23/10/2017,"155,488.62","149,601.78",113603,TRUE,FALSE,FALSE,FALSE
Award,Live Award,Successful,114017,OPTIMISTICC: Opportunity to Investigate the Microbiomes Impact on Science and Treatment in Colorectal Cancer,Cancer Research UK Supplier No: 138573,"Quirke, Philip, Prof",Pathology & Tumour Biology,Faculty of Medicine & Health,01/01/2019,31/12/2025,,04/05/2018,24/04/2019,"3,460,388.22","2,477,953.48",114017,TRUE,FALSE,FALSE,FALSE
Award,Live Award,Successful,114655,BestMap,EU - European Union,"Ziv, Guy, Prof",School of Geography,Faculty of Environment,01/09/2019,29/02/2024,15/02/2018,23/10/2018,20/05/2019,"1,469,089.63","1,061,960.89",114655,FALSE,FALSE,FALSE,FALSE
Award,Live Award,Successful,114710,System-science Informed Public Health Economic Research for Non-communicable Disease Prevention (the SIPHER Consortium),MRC (Medical Research Council),"Lomax, Nikolas, Prof",School of Geography,Faculty of Environment,16/09/2019,15/03/2025,18/01/2018,13/11/2018,01/07/2019,"1,150,637.32","731,492.22",114710,FALSE,FALSE,FALSE,FALSE
Award,Live Award,Successful,115056,HTA -knee joint distraction Vs arthroplasty,NIHR National Inst Health Research,"Pandit, Hemant, Prof",Orthopaedics,Faculty of Medicine & Health,01/04/2019,30/11/2023,,10/08/2018,02/05/2019,"1,363,205.22","1,134,785.37",115056,TRUE,FALSE,FALSE,FALSE
Award,Live Award,Successful,115735,CDRC Transition funding,ESRC (Economic and Social Research Council),"Birkin, Mark, Prof",School of Geography,Faculty of Environment,14/02/2019,13/02/2024,,22/05/2018,31/01/2019,"3,170,783.55","1,261,204.80",115735,TRUE,TRUE,FALSE,FALSE
Award,Live Award,Successful,116475,NPIC: The Northern Pathology Imaging Collaborative,Innovate UK fka Technology Strategy Board (TSB),"Treanor, Darren, Prof",Pathology & Tumour Biology,Faculty of Medicine & Health,01/02/2019,31/03/2023,,09/10/2018,05/04/2019,"2,271,563.63","1,822,561.57",116475,FALSE,FALSE,FALSE,FALSE
Award,Live Award,Successful,116718,Targeting interventions for subgroups of older people with moderate or severe frailty,NIHR National Inst Health Research,"Clegg, Andrew, Prof",AU Elderly Care,Faculty of Medicine & Health,01/10/2019,14/09/2023,09/10/2018,24/01/2019,18/07/2019,"677,810.59","593,589.64",116718,TRUE,FALSE,FALSE,FALSE
Award,Live Award,Successful,117449,ELEVATE,EPSRC (Engineering and Physical Sciences Research Council),"Philips, Ian, Dr",Institute for Transport Studies,Faculty of Environment,01/06/2021,31/05/2026,,23/10/2018,13/04/2021,"1,005,427.97","804,341.97",117449,TRUE,FALSE,FALSE,FALSE
Award,Live Award,Successful,119000,PROFID,EU - European Union,"Gale, Christopher, Prof",Inst Cardiovasc & Metabolic Med (LICAMM),Faculty of Medicine & Health,01/01/2020,31/03/2026,,22/07/2019,28/01/2020,"355,596.74","238,077.15",119000,FALSE,FALSE,FALSE,FALSE
Award,Live Award,Successful,119798,MICROMOBILITY BEHAVIOUR,World Resource Institute 10 G Street,"Grant-Muller, Susan, Prof",Institute for Transport Studies,Faculty of Environment,21/07/2021,31/10/2023,,25/02/2020,24/11/2021,"106,915.60","64,149.37",119798,TRUE,FALSE,FALSE,FALSE
Award,Live Award,Successful,119953,Refining and Optimising a behavioural intervention to Support Endocrine Therapy Adherence: The ROSETA programme,NIHR National Inst Health Research,"Smith, Samuel, Prof",Primary/Palliative Care & Public Health,Faculty of Medicine & Health,01/09/2020,01/12/2026,,16/12/2019,16/07/2020,"1,762,702.09","1,336,426.07",119953,TRUE,FALSE,FALSE,FALSE
Award,Live Award,Successful,120837,Investigating and documenting the school lives of high school pupils living with chronic or life-limiting illness,NIHR National Inst Health Research,"Pini, Simon, Dr",Primary/Palliative Care & Public Health,Faculty of Medicine & Health,01/08/2021,31/07/2026,09/12/2019,10/09/2020,29/07/2021,"948,911.50","763,585.99",120837,TRUE,FALSE,FALSE,FALSE
Award,Live Award,Successful,120951,"Healthy soil, Healthy food, Healthy people (H3)",BBSRC (Biotechnology & Biological Sciences Research Council),"Young, Charles, Prof",School of Earth and Environment,Faculty of Environment,01/01/2021,31/12/2025,27/11/2019,05/11/2020,25/02/2021,"1,462,204.92","1,168,721.66",120951,FALSE,FALSE,FALSE,FALSE
Award,Live Award,Successful,121682,CDRC infrastructure,ESRC (Economic and Social Research Council),"Birkin, Mark, Prof",School of Geography,Faculty of Environment,01/10/2020,31/03/2025,,01/06/2020,17/07/2020,"931,991.00","764,993.00",121682,TRUE,TRUE,FALSE,FALSE
Award,Live Award,Successful,122154,Development of a feedback intervention to reduce risk when prescribing in reduced kidney function in primary care: a feasibility study,Pharmacy Research UK,"Wood, Susan, Dr",Primary/Palliative Care & Public Health,Faculty of Medicine & Health,04/01/2021,30/09/2025,,20/05/2020,19/01/2021,"35,996.12","21,206.53",122154,TRUE,FALSE,FALSE,FALSE
Award,Live Award,Successful,122255,Vulnerability and Policing Futures Research Centre,ESRC (Economic and Social Research Council),"Crawford, T Adam, Prof",School of Law,Faculty of Social Sciences,01/05/2022,30/04/2027,08/10/2020,31/03/2021,29/07/2022,"4,295,904.00","3,438,564.40",122255,FALSE,FALSE,FALSE,FALSE
Award,Live Award,Successful,122613,AtOM-CF Study - How can Adherence to Oral Medication be improved for the benefit ofpeoplewith cystic fibrosis.,NIHR National Inst Health Research,"Shaw, Nicola, Mrs",School of Healthcare,Faculty of Medicine & Health,01/05/2021,30/04/2024,07/07/2020,22/10/2020,29/05/2021,"453,041.73","367,794.00",122613,TRUE,FALSE,FALSE,FALSE
Award,Live Award,Successful,122789,Improving Care for Frequent Users of the Emergency Department,NIHR National Inst Health Research,"Guthrie, Elspeth, Prof",Psychological & Social Medicine,Faculty of Medicine & Health,01/01/2022,28/02/2025,18/09/2020,05/02/2021,04/11/2021,"1,549,274.26","1,327,196.80",122789,TRUE,FALSE,FALSE,FALSE
Award,Live Award,Successful,124215,Healthy and Sustainable Diets,Institute of Grocery Distribution,"Morris, Michelle, Prof",Food Science,Faculty of Environment,01/01/2021,16/07/2025,,19/03/2021,29/03/2021,"930,717.72","559,157.04",124215,TRUE,TRUE,FALSE,FALSE
Award,Live Award,Successful,124931,Leeds BRC,NIHR National Inst Health Research,"Conaghan, Philip, Prof",Inst of Rheum & Musculoskel Med (LIRMM),Faculty of Medicine & Health,01/12/2022,30/11/2027,,04/11/2021,30/11/2022,"21,510,051.88","12,807,784.82",124931,FALSE,FALSE,FALSE,FALSE
Award,Live Award,Successful,124937,DisSent - A New Look at Sentencing Disparities through Causal Inference,ESRC (Economic and Social Research Council),"Pina Sanchez, Jose, Prof",School of Law,Faculty of Social Sciences,01/08/2022,31/12/2024,,29/07/2021,29/07/2022,"134,425.00","107,540.00",124937,TRUE,FALSE,FALSE,FALSE
Award,Live Award,Successful,125083,NIHR Blood and Transplant Research Unit,NIHR National Inst Health Research,"Foy, Robbie, Prof",Primary/Palliative Care & Public Health,Faculty of Medicine & Health,01/04/2022,31/03/2027,,30/11/2022,14/02/2023,"951,256.21","330,769.57",125083,TRUE,FALSE,FALSE,FALSE
Award,Live Award,Successful,125377,Haematological Outcomes Platform,Leeds Hospitals Charity,"Glaser, Adam, Prof",Inst Cardiovasc & Metabolic Med (LICAMM),Faculty of Medicine & Health,01/10/2023,30/09/2026,,28/06/2021,16/05/2024,"1,285,240.83","686,735.74",125377,TRUE,FALSE,FALSE,FALSE
Award,Live Award,Successful,125388,Understanding the geospatial and contextual patterns of rural domestic abuse: an exploratory study,Home Office Room 811,"Lewis, Samantha, Dr",School of Law,Faculty of Social Sciences,01/09/2021,30/09/2024,,17/06/2021,16/12/2021,"175,768.17","175,768.17",125388,TRUE,FALSE,FALSE,FALSE
Award,Live Award,Successful,125648,DynAIRx: AIs for dynamic prescribing optimisation and care integration in multimorbidity,NIHR National Inst Health Research,"Ruddle, Roy, Prof",School of Computer Science,Faculty of Engineering & Physical Sci.,01/09/2022,31/08/2025,,10/12/2021,07/12/2022,"1,063,377.73","850,702.20",125648,TRUE,FALSE,FALSE,FALSE
Award,Live Award,Successful,125682,CDRC - enhancements to existing data infrastructure investments,ESRC (Economic and Social Research Council),"Lomax, Nikolas, Prof",School of Geography,Faculty of Environment,01/10/2021,31/03/2025,,19/08/2021,17/11/2021,"149,336.00","137,470.00",125682,TRUE,FALSE,FALSE,FALSE
Award,Live Award,Successful,125684,CDRC Extension funding,ESRC (Economic and Social Research Council),"Birkin, Mark, Prof",School of Geography,Faculty of Environment,01/04/2022,31/03/2025,,16/09/2021,13/01/2022,"2,867,359.00","2,334,673.88",125684,TRUE,FALSE,FALSE,FALSE
Award,Live Award,Successful,125990,FIO FOOD_SUSTAIN,UKRI (UK Research and Innovation),"Morris, Michelle, Prof",Food Science,Faculty of Environment,01/09/2022,31/08/2026,,13/10/2021,05/10/2022,"657,012.80","525,610.24",125990,TRUE,FALSE,FALSE,FALSE
Award,Live Award,Successful,126093,FIND AF: Future innovations in novel detection of atrial fibrillation,British Heart Foundation,"Gale, Christopher, Prof",Inst Cardiovasc & Metabolic Med (LICAMM),Faculty of Medicine & Health,27/02/2023,26/10/2025,,23/11/2021,29/06/2022,"258,302.75","199,453.00",126093,TRUE,FALSE,FALSE,FALSE
Award,Live Award,Successful,126473,FRAilty-informed cancer ManagEment (FRAME):,NIHR National Inst Health Research,"Pearce, Jessica, Dr",Division of Oncology,Faculty of Medicine & Health,01/10/2022,31/10/2025,,21/01/2022,11/11/2022,"507,879.98","414,072.00",126473,TRUE,FALSE,FALSE,FALSE
Award,Live Award,Successful,127205,The impact of multi morbidity on long term outcomes after MI,Wellcome Trust,"Batty, Jonathan, Dr",Inst Cardiovasc & Metabolic Med (LICAMM),Faculty of Medicine & Health,01/08/2022,31/07/2025,,23/03/2022,29/07/2022,"594,277.82","303,470.59",127205,TRUE,FALSE,FALSE,FALSE
Award,Live Award,Successful,127392,What are the experiences of women and health professionals in postpartum pelvic floor dysfunction?,NIHR National Inst Health Research,"Doxford-Hook, Elizabeth, Dr",School of Healthcare,Faculty of Medicine & Health,01/05/2023,30/04/2026,,24/02/2023,09/05/2023,"572,682.25","455,844.84",127392,TRUE,FALSE,FALSE,FALSE
Award,Live Award,Successful,127479,ElectroTools: Powering the future of EEG Research,BBSRC (Biotechnology & Biological Sciences Research Council),"Mushtaq, Faisal, Prof",School of Psychology,Faculty of Medicine & Health,01/07/2023,30/06/2026,,04/05/2022,28/09/2023,"669,678.10","535,742.47",127479,FALSE,FALSE,FALSE,FALSE
Award,Live Award,Successful,127938,Making Visualization Scalable (MAVIS) for explaining machine learning classification models,EPSRC (Engineering and Physical Sciences Research Council),"Ruddle, Roy, Prof",School of Computer Science,Faculty of Engineering & Physical Sci.,01/09/2023,31/08/2026,,16/08/2022,09/03/2023,"713,438.00","570,750.38",127938,TRUE,FALSE,FALSE,FALSE
Award,Live Award,Successful,128040,Optimising the Quality and Accessibility of Structured Medication Reviews for Older People with Frailty and Care Home Residents to Reduce Overprescribing and Associated Inequalities.,NIHR National Inst Health Research,"Clegg, Andrew, Prof",AU Elderly Care,Faculty of Medicine & Health,01/01/2024,31/12/2026,22/09/2022,04/05/2023,02/10/2024,"629,489.80","503,591.84",128040,TRUE,FALSE,FALSE,FALSE
Award,Live Award,Successful,128041,EPSRC Digital Health Hub,EPSRC (Engineering and Physical Sciences Research Council),"Manley, Edward, Prof",School of Geography,Faculty of Environment,01/12/2023,30/11/2026,,03/08/2022,01/02/2024,"313,857.07","251,085.66",128041,FALSE,FALSE,FALSE,FALSE
Award,Live Award,Successful,128253,Impact of an Intervention on Inequalities in Overprescribing,NIHR National Inst Health Research,"Alderson, Sarah, Dr",Primary/Palliative Care & Public Health,Faculty of Medicine & Health,01/01/2024,31/12/2025,26/09/2022,09/02/2023,06/02/2024,"1,127,786.32","914,309.01",128253,TRUE,FALSE,FALSE,FALSE
Award,Live Award,Successful,129258,Exploring psychological distress in patients with pancreatic cancer,NIHR National Inst Health Research,"Taylor, Anna, Dr",Psychological & Social Medicine,Faculty of Medicine & Health,01/02/2024,31/01/2027,,08/03/2023,13/02/2024,"597,500.61","483,047.09",129258,TRUE,FALSE,FALSE,FALSE
Award,Live Award,Successful,129317,Development of an implementation package for general practice to promote evidence-based support for physical activity targeting people with cardio-metabolic risk factors – INSTEP-package.,NIHR National Inst Health Research,"Grice, Adam, Dr",Primary/Palliative Care & Public Health,Faculty of Medicine & Health,01/10/2023,30/09/2028,,01/02/2023,04/01/2024,"809,831.91","653,195.64",129317,TRUE,FALSE,FALSE,FALSE
Award,Live Award,Successful,129334,The Acts of Citizenship of People of Colour within ‘White’ Subcultures,Leverhulme Trust,"Mason-Bertrand, Adele, Dr",School of Media and Communication,"Faculty of Arts, Humanities and Cultures",01/10/2023,02/04/2027,,27/02/2023,27/09/2023,"474,010.78","95,977.35",129334,TRUE,FALSE,FALSE,FALSE
Award,Live Award,Successful,129585,Diet and health inequalities (DIO Food),BBSRC (Biotechnology & Biological Sciences Research Council),"Morris, Michelle, Prof",Food Science,Faculty of Environment,01/10/2023,30/09/2024,,19/02/2024,15/03/2024,"212,436.69","212,436.69",129585,TRUE,FALSE,FALSE,FALSE
Award,Live Award,Successful,129585,Diet and health inequalities (DIO Food),Institute of Grocery Distribution,"Morris, Michelle, Prof",Food Science,Faculty of Environment,01/10/2023,30/09/2024,,19/02/2024,15/03/2024,,,129585,TRUE,FALSE,FALSE,FALSE
Award,Live Award,Successful,129869,HOPSCOTCH:  Helping Optimise Primary care Support and Communication during Transition from Children’s Hospice care.,NIHR National Inst Health Research,"Ziegler, Lucy, Prof",Primary/Palliative Care & Public Health,Faculty of Medicine & Health,01/09/2024,31/08/2027,18/04/2023,12/10/2023,21/05/2024,"1,109,495.07","960,521.80",129869,TRUE,FALSE,FALSE,FALSE
Award,Live Award,Successful,129995,"The use of an artificial intelligence-based prediction device, AKI-Predict, in clinical practice for the early prediction of acute kidney injury",Kidney Research UK Account Ref: UNI008,"Krivov, Sergey, Dr",School of Molecular and Cellular Biology,Faculty of Biological Sciences,01/04/2024,31/03/2027,,27/03/2024,11/04/2024,"653,126.48","220,011.81",129995,TRUE,FALSE,FALSE,FALSE
Award,Live Award,Successful,130309,"Emergency care for young people after self-harm (ENCRYPT-SH): what works for whom, why, and in what circumstances?",NIHR National Inst Health Research,"Romeu, Daniel, Dr",Psychological & Social Medicine,Faculty of Medicine & Health,01/08/2024,31/07/2027,,18/07/2023,25/06/2024,"585,589.84","474,988.87",130309,TRUE,FALSE,FALSE,FALSE
Award,Live Award,Successful,130962,Enhancing Palliative care In the Community through General Practice (EPIC-GP): a mixed-methods study and proposal for a new model of general practice palliative and end of life care.,NIHR National Inst Health Research,"Mitchell, Sarah, Dr",Primary/Palliative Care & Public Health,Faculty of Medicine & Health,01/02/2025,31/01/2028,20/09/2023,02/05/2024,22/11/2024,"1,363,915.37","1,108,816.13",130962,TRUE,FALSE,FALSE,FALSE
Award,Live Award,Successful,131132,Optimising transient ischaemic attack (TIA) pathways to reduce ethnicity-based inequalities,NIHR National Inst Health Research,"Teale, Elizabeth, Dr",AU Elderly Care,Faculty of Medicine & Health,01/01/2025,29/02/2028,20/09/2023,11/07/2024,03/12/2024,"550,108.90","417,205.41",131132,TRUE,FALSE,FALSE,FALSE
Award,Live Award,Successful,132343,Work-related suicide. An international social justice study,Wellcome Trust,"Waters, Sarah, Prof",School of Languages Cultures & Societies,"Faculty of Arts, Humanities and Cultures",01/02/2025,31/01/2029,,07/05/2024,13/01/2025,"1,049,470.62","804,388.00",132343,TRUE,FALSE,FALSE,FALSE
Award,Live Award,Successful,132503,Transforming the Cultural & Heritage Sector’s Data Infrastructure:  A pilot study to establish a cultural data observatory,ESRC (Economic and Social Research Council),"Walmsley, Benjamin, Prof",Performance and Cultural Industries,"Faculty of Arts, Humanities and Cultures",01/07/2024,30/09/2025,,02/05/2024,16/07/2024,"334,336.85","267,469.47",132503,TRUE,FALSE,TRUE,FALSE
Award,Live Award,Successful,132629,Healthy and Sustainable Smart Spaces Data Service,ESRC (Economic and Social Research Council),"Lomax, Nikolas, Prof",School of Geography,Faculty of Environment,01/01/2025,31/03/2029,,30/04/2024,18/12/2024,"6,406,071.00","5,124,856.00",132629,TRUE,FALSE,FALSE,FALSE
Award,Live Award,Successful,133017,Biomedical Data Science and Careers Leadership Group,MRC (Medical Research Council),"Westhead, David, Prof",School of Molecular and Cellular Biology,Faculty of Biological Sciences,15/01/2025,14/01/2027,,06/05/2024,07/02/2025,"448,716.02","358,848.31",133017,FALSE,FALSE,TRUE,FALSE
Award,Live Award,Successful,133372,Transforming child health outcomes through data linkages,Wellcome Trust,"Dondo, Tatendashe, Dr",Inst Cardiovasc & Metabolic Med (LICAMM),Faculty of Medicine & Health,01/02/2025,31/01/2027,,18/06/2024,19/03/2025,"399,479.73","181,733.91",133372,TRUE,FALSE,FALSE,FALSE
Award,Live Award,Successful,134498,FIND HF,NIHR National Inst Health Research,"Nadarajah, Ramesh, Dr",Inst Cardiovasc & Metabolic Med (LICAMM),Faculty of Medicine & Health,01/02/2025,31/01/2026,,13/02/2025,25/02/2025,"110,389.42","88,311.48",134498,FALSE,FALSE,FALSE,FALSE
Award,Live Award,Successful,484938,I Breast - FULL APPLICATION,NIHR National Inst Health Research,"Bojke, Chris, Prof",Division of Health Economics,Faculty of Medicine & Health,01/07/2013,31/12/2024,,20/09/2012,10/12/2015,"351,920.69","281,536.53",484938,TRUE,FALSE,FALSE,FALSE
Closed,Live Award,Successful,100464,MRC Medical Bioinformatics,MRC (Medical Research Council),"Markham, Alexander, Sir",Translational Medicine,Faculty of Medicine & Health,01/04/2014,31/12/2019,08/08/2013,24/02/2014,28/03/2014,"7,406,417.39","6,953,004.58",100464,FALSE,TRUE,FALSE,FALSE
Closed,Live Award,Successful,101035,EU- FW7 MeCoDem,EU - European Union,"Voltmer, Katrin, Prof",School of Media and Communication,"Faculty of Arts, Humanities and Cultures",01/02/2014,31/01/2017,,10/03/2014,19/03/2014,"379,029.09","320,314.10",101035,FALSE,FALSE,FALSE,FALSE
Closed,Live Award,Successful,101964,N8 Policing Research Consortium,College of Policing,"Crawford, T Adam, Prof",School of Law,Faculty of Social Sciences,01/01/2014,31/03/2014,,15/11/2013,13/01/2014,"55,893.57","50,000.00",101964,FALSE,FALSE,FALSE,FALSE
Closed,Live Award,Successful,101987,Shift,Leeds Community Healthcare NHS Trust,"Cottrell, David, Prof",Psychological & Social Medicine,Faculty of Medicine & Health,01/11/2013,31/03/2014,,08/11/2013,22/11/2013,"16,537.46","8,249.22",101987,FALSE,FALSE,FALSE,FALSE
Closed,Live Award,Successful,102191,Hearing aids for music: exploring the music listening behaviour of people with hearing impairments,AHRC (Arts & Humanities Research Council),"Greasley, Alinka, Prof",School of Music,"Faculty of Arts, Humanities and Cultures",01/02/2015,30/09/2018,,07/03/2014,19/01/2015,"222,999.42","178,399.55",102191,TRUE,FALSE,FALSE,FALSE
Closed,Live Award,Successful,102344,PROSTATE PROMS,Prostate Cancer UK,"Glaser, Adam, Prof",Division of Oncology,Faculty of Medicine & Health,01/11/2014,31/03/2019,,06/02/2014,04/12/2014,"1,428,603.45","1,029,443.45",102344,TRUE,FALSE,FALSE,FALSE
Closed,Live Award,Successful,102564,"Abatacept in Real-world monitoring of patient Trajectorles, a sub-study of the Clinical Trial entitled ""Long term experience with abatacept SC in routine clinical practice study",Bristol-Myers Squibb,"Conaghan, Philip, Prof",Clinical & Translational Rheumatology,Faculty of Medicine & Health,01/01/2016,31/12/2021,,20/06/2016,29/06/2016,"360,024.26","335,179.74",102564,FALSE,FALSE,FALSE,FALSE
Closed,Live Award,Successful,104210,EU - EMPOWER,EU - European Union,"Grant-Muller, Susan, Prof",Institute for Transport Studies,Faculty of Environment,01/05/2015,30/04/2018,,27/02/2015,19/05/2015,"1,542,206.91","1,358,618.27",104210,TRUE,FALSE,FALSE,FALSE
Closed,Live Award,Successful,104882,electronic Patient self-Reported outcomes to Improve cancer Management and patient Experiences,Yorkshire Cancer Research Account Ref: 2UOLEEDS,"Velikova, Galina, Prof",Clinical Cancer Research,Faculty of Medicine & Health,01/02/2016,31/10/2021,12/11/2014,20/01/2015,08/12/2015,"1,056,454.74","497,562.65",104882,FALSE,FALSE,FALSE,FALSE
Closed,Live Award,Successful,105338,Patient reported outcomes with Bladder Cancer: A cross sectional and longitudinal evaluation in Yorkshire (BCY Proms),Yorkshire Cancer Research Account Ref: 2UOLEEDS,"Glaser, Adam, Prof",Division of Oncology,Faculty of Medicine & Health,01/05/2016,30/04/2024,,15/01/2015,05/02/2016,"384,370.26","148,435.59",105338,TRUE,FALSE,FALSE,FALSE
Closed,Live Award,Successful,105491,Mistral - Infrastructure Transitions Research Consortium (ITRC),EPSRC (Engineering and Physical Sciences Research Council),"Birkin, Mark, Prof",School of Geography,Faculty of Environment,11/02/2016,10/02/2021,30/01/2015,16/06/2015,28/04/2016,"346,642.00","277,313.00",105491,FALSE,FALSE,FALSE,FALSE
Closed,Live Award,Successful,105690,UltraSound Evaluation For Musculoskeltal Lupus,Lupus UK,"Vital, Edward, Prof",Clinical & Translational Rheumatology,Faculty of Medicine & Health,01/06/2015,31/07/2020,,17/02/2015,03/08/2015,"108,919.59","57,832.26",105690,FALSE,FALSE,FALSE,FALSE
Closed,Live Award,Successful,106513,"QuantiCode: Intelligent infrastructure for quantitative, coded longitudinal data",EPSRC (Engineering and Physical Sciences Research Council),"Ruddle, Roy, Prof",School of Computer Science,Faculty of Engineering & Physical Sci.,01/03/2016,29/02/2020,,26/06/2015,07/10/2015,"1,222,291.20","977,832.95",106513,TRUE,TRUE,FALSE,FALSE
Closed,Live Award,Successful,106760,Effectiveness of the GRACE risk score on the management and outcome of patients hospitalised with non-ST elevation acute coronary syndrome.,British Heart Foundation,"Gale, Christopher, Prof",Division of Epidemiology & Biostatistics,Faculty of Medicine & Health,01/10/2016,30/06/2022,,14/01/2016,21/07/2016,"1,243,750.42","807,037.67",106760,FALSE,FALSE,FALSE,FALSE
Closed,Live Award,Successful,107154,"30 day mortality outcomes following palliative radiotherapy for advanced cancer, assessing variation & modelling optinal levels",MRC (Medical Research Council),"Spencer, Kathryn, Dr",Epidemiology & Biostatistics,Faculty of Medicine & Health,01/06/2016,31/05/2019,,18/03/2016,25/05/2016,"443,712.29","240,380.00",107154,TRUE,FALSE,FALSE,FALSE
Closed,Live Award,Successful,107168,EU - Understand the Dimensions of Organised Crime and Terrorist Networks for Developing Effective and Efficient,EU - European Union,"Wall, David, Prof",School of Law,Faculty of Social Sciences,01/09/2016,31/08/2019,,16/09/2015,29/04/2016,"333,747.01","232,454.73",107168,FALSE,FALSE,FALSE,FALSE
Closed,Live Award,Successful,107799,Predicting the Impacts of Intensification on Pig Health and Disease,BBSRC (Biotechnology & Biological Sciences Research Council),"Collins, Lisa, Prof",School of Biology,Faculty of Biological Sciences,01/02/2017,30/11/2021,,26/10/2015,19/01/2017,"1,102,962.97","882,370.37",107799,FALSE,FALSE,FALSE,FALSE
Closed,Live Award,Successful,107888,UK Colo-rectal Cancer Intelligence,Cancer Research UK Supplier No: 138573,"Morris, Eva, Prof",Epidemiology & Biostatistics,Faculty of Medicine & Health,01/04/2017,31/12/2019,29/02/2016,29/11/2016,29/03/2017,"2,999,532.05","1,126,809.28",107888,FALSE,FALSE,FALSE,FALSE
Closed,Live Award,Successful,107904,Missed opportunities in cardiac pathways,Department of Health Accounts Payable - SULEEDSUNI,"Gale, Christopher, Prof",Division of Epidemiology & Biostatistics,Faculty of Medicine & Health,01/04/2016,31/03/2020,,09/03/2016,09/03/2016,"445,608.08","179,756.00",107904,FALSE,FALSE,FALSE,FALSE
Closed,Live Award,Successful,108454,IMforFUTURE,EU - European Union,"Houwing-Duistermaat, Jeanne, Prof",School of Mathematics,Faculty of Engineering & Physical Sci.,01/04/2017,31/07/2021,,26/01/2016,02/05/2017,"721,729.91","538,455.08",108454,FALSE,FALSE,FALSE,FALSE
Closed,Live Award,Successful,108808,Health North: Connected Health Cities,NHSA Northern Health Science,"Hall, Geoffrey, Dr",School of Medicine - Dean's Office,Faculty of Medicine & Health,01/01/2016,31/03/2020,,02/06/2016,02/06/2016,"4,168,450.81","3,671,911.15",108808,FALSE,TRUE,FALSE,FALSE
Closed,Live Award,Successful,109238,Using dashboards to improve quality of care: a realist feasibility evaluation of QualDash,NIHR National Inst Health Research,"Randell, Rebecca, Dr",School of Healthcare,Faculty of Medicine & Health,01/10/2017,31/12/2020,18/05/2016,26/10/2016,31/05/2017,"1,088,272.56","888,601.20",109238,FALSE,FALSE,FALSE,FALSE
Closed,Live Award,Successful,109397,Leonidas 2,Versus Arthritis (formerly ARUK),"Stocken, Deborah, Prof",Inst of Clinical Trials Research (LICTR),Faculty of Medicine & Health,01/04/2017,31/12/2022,,24/05/2016,26/07/2018,"499,826.44","310,462.00",109397,TRUE,FALSE,FALSE,FALSE
Closed,Live Award,Successful,110276,Biomarkers for patient assessment and stratification post-renal transplantation (BioPAsSPoRT),Innovate UK fka Technology Strategy Board (TSB),"Banks, Rosamonde, Prof",Oncology & Cancer Research - Labs,Faculty of Medicine & Health,01/11/2017,31/10/2019,,16/08/2016,31/10/2017,"283,589.77","226,871.81",110276,FALSE,FALSE,FALSE,FALSE
Closed,Live Award,Successful,110316,Improving glucose control in patients with diabetes following myocardial infarction. The role of a novel glycaemic monitoring strategy,NIHR National Inst Health Research,"Ajjan, Ramzi, Prof",Div Cardiovascular & Diabetes Research,Faculty of Medicine & Health,01/08/2017,31/12/2020,07/04/2017,12/07/2017,25/07/2017,"277,764.64","222,211.73",110316,FALSE,FALSE,FALSE,FALSE
Closed,Live Award,Successful,110715,MRI-measurement of segmental liver function: A novel index to improve prediction of post hepatectomy liver failure,MRC (Medical Research Council),"Sourbron, Steven, Dr",Division of Biomedical Imaging,Faculty of Medicine & Health,01/12/2017,30/11/2020,,24/05/2017,20/06/2017,"490,366.66","392,293.31",110715,FALSE,FALSE,FALSE,FALSE
Closed,Live Award,Successful,111077,LOREAL- Colour Project,L'Oreal Foundation,"Xiao, Kaida, Prof",School of Design,"Faculty of Arts, Humanities and Cultures",15/10/2017,31/12/2017,,10/02/2017,02/11/2017,"35,123.02","40,676.46",111077,FALSE,FALSE,FALSE,FALSE
Closed,Live Award,Successful,111259,Yorkshire Specialist Register of Cancer in Children and Young People: Epidemiological and Applied Health Research,Candlelighters,"Feltbower, Richard, Prof",Division of Epidemiology & Biostatistics,Faculty of Medicine & Health,01/09/2017,30/11/2022,,11/11/2016,19/07/2017,"404,506.93","305,287.77",111259,TRUE,FALSE,FALSE,FALSE
Closed,Live Award,Successful,111265,Healthcare utilisation and clinical outcomes among survivors of acute myocardial infarction: a national electronic health records cohort study,Wellcome Trust,"Hall, Marlous, Dr",Division of Epidemiology & Biostatistics,Faculty of Medicine & Health,15/09/2017,08/05/2024,,08/06/2017,06/07/2017,"640,615.56","312,839.82",111265,FALSE,FALSE,FALSE,FALSE
Closed,Live Award,Successful,111512,LMBRC - Workstream 4 - Ann Morgan,NIHR National Inst Health Research,"Emery, Paul, Prof",Inst of Rheum & Musculoskel Med (LIRMM),Faculty of Medicine & Health,01/04/2017,30/11/2022,,19/01/2017,19/01/2017,"992,359.86","561,651.33",111512,FALSE,FALSE,FALSE,FALSE
Closed,Live Award,Successful,111542,LMBRC - Workstream 7 - Philip Conaghan,NIHR National Inst Health Research,"Emery, Paul, Prof",Inst of Rheum & Musculoskel Med (LIRMM),Faculty of Medicine & Health,01/04/2017,30/11/2022,,19/01/2017,19/01/2017,"754,084.46","512,022.00",111542,TRUE,FALSE,FALSE,FALSE
Closed,Live Award,Successful,112989,Developing and feasibility testing an Acceptance and Commitment Therapy (ACT) interventION for improving medication-taking behaviour in women with early stage invasive breast cancer: The ACTION trial.,Yorkshire Cancer Research Account Ref: 2UOLEEDS,"Smith, Samuel, Prof",Primary/Palliative Care & Public Health,Faculty of Medicine & Health,01/06/2018,31/01/2023,,19/06/2017,27/02/2018,"604,204.97","356,894.34",112989,TRUE,FALSE,FALSE,FALSE
Closed,Live Award,Successful,113110,Bringing the Social City to the Smart City,ESRC (Economic and Social Research Council),"Heppenstall, Alison, Prof",School of Geography,Faculty of Environment,01/07/2018,30/06/2021,,20/09/2017,17/01/2018,"291,136.00","232,909.00",113110,FALSE,TRUE,FALSE,FALSE
Closed,Live Award,Successful,113430,Early economic modelling and budget impact analysis of Prolaris test to aid the treatment management decision in prostate cancer patients,Myriad Genetics Ltd,"Sagoo, Gurdeep, Dr",Division of Health Economics,Faculty of Medicine & Health,01/10/2017,30/04/2019,,27/09/2017,20/10/2017,"43,223.67","43,223.67",113430,TRUE,TRUE,FALSE,FALSE
Closed,Live Award,Successful,113737,Accelerating Innovation in New Mobility Services: Matching Sustainable New Business Models to Local Potential,ESRC (Economic and Social Research Council),"Philips, Ian, Dr",Institute for Transport Studies,Faculty of Environment,02/01/2018,30/09/2021,,18/09/2017,13/02/2018,"414,123.00","331,297.99",113737,FALSE,TRUE,FALSE,FALSE
Closed,Live Award,Successful,114301,Future Fashion Factory:Digitaly Enabled Design & Manufacture of Designer Products for Circular Economies,AHRC (Arts & Humanities Research Council),"Russell, Stephen, Prof",School of Design,"Faculty of Arts, Humanities and Cultures",01/10/2018,31/05/2024,,04/05/2018,13/11/2018,"5,849,130.56","5,106,698.48",114301,FALSE,FALSE,FALSE,FALSE
Closed,Live Award,Successful,114388,Attune primary TKA comparison,Depuy International Ltd,"Pandit, Hemant, Prof",Orthopaedics,Faculty of Medicine & Health,01/07/2019,30/06/2023,,27/06/2019,19/07/2019,"105,966.85","90,635.60",114388,TRUE,FALSE,FALSE,FALSE
Closed,Live Award,Successful,114481,Understanding bowel cancer in the under 50s – investigating changes to the microbiome,"Bowel Cancer UK Unit 301, Edinburgh House","Young, Caroline, Dr",Pathology & Tumour Biology,Faculty of Medicine & Health,01/11/2018,30/04/2022,,07/12/2017,21/06/2018,"25,000.00","25,000.00",114481,FALSE,FALSE,FALSE,FALSE
Closed,Live Award,Successful,114926,MRC HDK Rutherford Fellows Christopher Carrigan,MRC (Medical Research Council),"Hall, Geoffrey, Dr",School of Medicine - Dean's Office,Faculty of Medicine & Health,15/02/2018,14/02/2021,,06/02/2018,02/05/2018,"414,100.66","331,280.52",114926,FALSE,FALSE,FALSE,FALSE
Closed,Live Award,Successful,116139,LEP Procurement response,Pinpoint Cancer Limited,"Messenger, Michael, Dr",School of Medicine - Dean's Office,Faculty of Medicine & Health,01/07/2018,30/11/2019,,20/11/2018,18/12/2018,"123,053.76","123,053.76",116139,FALSE,FALSE,FALSE,FALSE
Closed,Live Award,Successful,116355,"Building a Propensity to Cycle Tool, Phase III",Department Of Transport *USE 801075*,"Lovelace, Robin, Prof",Institute for Transport Studies,Faculty of Environment,03/12/2018,02/12/2019,,15/05/2019,15/05/2019,"42,932.46","34,346.00",116355,FALSE,FALSE,FALSE,FALSE
Closed,Live Award,Successful,116466,A Study of How Provision of Proteomics Health Information Influences the Activation of Patients at High Risk of Diabetes who previously Elected to Not Participate in a Diabetes Prevention Programme,SomaLogic Inc,"Messenger, Michael, Dr",School of Medicine - Dean's Office,Faculty of Medicine & Health,01/11/2018,31/10/2020,,18/12/2018,18/12/2018,"855,094.91","855,094.91",116466,TRUE,FALSE,FALSE,FALSE
Closed,Live Award,Successful,116508,New visualization methods for profiling datasets and analysis pipelines,Alan Turing Institute,"Ruddle, Roy, Prof",School of Computer Science,Faculty of Engineering & Physical Sci.,01/05/2019,31/12/2021,,18/04/2019,28/06/2019,"135,537.03","63,830.00",116508,FALSE,FALSE,FALSE,FALSE
Closed,Live Award,Successful,116619,"New micro-location data analytics for improved cross-sectoral policies mitigating transport, environmental and inactivity related societal burdens",Alan Turing Institute,"Grant-Muller, Susan, Prof",Institute for Transport Studies,Faculty of Environment,01/10/2018,15/03/2023,,06/02/2019,04/03/2019,"453,912.96","227,890.00",116619,FALSE,FALSE,FALSE,FALSE
Closed,Live Award,Successful,116651,Capturing relationships between individuals: Integrating Causal Inference and Agent-based modelling,Alan Turing Institute,"Heppenstall, Alison, Prof",School of Geography,Faculty of Environment,01/04/2018,30/04/2022,,31/07/2019,31/07/2019,"413,355.49","189,276.00",116651,FALSE,FALSE,FALSE,FALSE
Closed,Live Award,Successful,116996,Understanding and Quantifying Uncertainty in Agent-Based Models for Smart City Forecasts,Alan Turing Institute,"Malleson, Nicolas, Prof",School of Geography,Faculty of Environment,01/04/2018,30/11/2022,,03/06/2019,31/07/2019,"308,748.76","137,126.00",116996,FALSE,FALSE,FALSE,FALSE
Closed,Live Award,Successful,117447,Emerging technologies for physical protection against chemical warfare agents,DSTL (Defence Science & Technology Laboratory),"Mao, Ningtao, Prof",School of Design,"Faculty of Arts, Humanities and Cultures",06/12/2018,29/03/2019,,03/12/2018,10/12/2018,"24,616.61","27,724.00",117447,FALSE,FALSE,FALSE,FALSE
Closed,Live Award,Successful,117854,HEalth data LInkage for ClinicAL benefit,EU - European Union,"Morgan, Ann, Prof",Inst Cardiovasc & Metabolic Med (LICAMM),Faculty of Medicine & Health,01/01/2019,30/06/2023,,27/11/2018,27/11/2018,"482,252.41","256,231.69",117854,FALSE,FALSE,FALSE,FALSE
Closed,Live Award,Successful,118231,Association of health related quality of life with clinical outcomes following acute myocardial infarction: A national longitudinal cohort study,British Heart Foundation,"Gale, Christopher, Prof",Inst Cardiovasc & Metabolic Med (LICAMM),Faculty of Medicine & Health,01/04/2020,07/11/2024,,08/07/2019,08/10/2019,"669,006.61","233,664.74",118231,TRUE,FALSE,FALSE,FALSE
Closed,Live Award,Successful,118668,NIHR In-Practice Fellowship 2019 - A Grice,NIHR National Inst Health Research,"Richards, Suzanne, Prof",Primary/Palliative Care & Public Health,Faculty of Medicine & Health,01/11/2019,30/04/2022,,28/03/2019,14/10/2019,"259,364.05","117,748.00",118668,TRUE,FALSE,FALSE,FALSE
Closed,Live Award,Successful,119029,Inequalities in socioeconomic outcomes for people living with arthritis,Nuffield Foundation,"Martin, Adam, Dr",Division of Health Economics,Faculty of Medicine & Health,01/02/2020,30/09/2022,,21/05/2019,20/12/2019,"351,860.90","176,893.13",119029,TRUE,FALSE,FALSE,FALSE
Closed,Live Award,Successful,119250,Urban Transport Modelling for Sustainable Well-Being in Hanoi,British Academy,"Malleson, Nicolas, Prof",School of Geography,Faculty of Environment,18/11/2019,08/01/2023,,23/05/2019,25/11/2019,"248,433.46","248,433.46",119250,TRUE,TRUE,FALSE,FALSE
Closed,Live Award,Successful,119309,"LEAP: Livestock, Environment and People",Wellcome Trust,"Morris, Michelle, Prof",Division of Pathology and Data Analytics,Faculty of Medicine & Health,01/10/2019,30/06/2020,,14/01/2020,28/04/2020,"66,220.78","18,751.00",119309,TRUE,TRUE,FALSE,FALSE
Closed,Live Award,Successful,119343,Comparison of treatment outcomes for age-related macular degeneration between NHS sites,F. Hoffman La Roche Ltd,"McKibbin, Martin, Dr",Division of Molecular Medicine,Faculty of Medicine & Health,08/05/2020,30/06/2022,,23/07/2019,29/04/2020,"100,639.31","100,639.31",119343,FALSE,FALSE,FALSE,FALSE
Closed,Live Award,Successful,119743,Multimorbidity phenotyping in electronic healthcare records,Alan Turing Institute,"Hall, Marlous, Dr",Inst Cardiovasc & Metabolic Med (LICAMM),Faculty of Medicine & Health,01/11/2021,31/12/2023,,17/10/2019,04/03/2020,"517,127.91","319,584.33",119743,TRUE,FALSE,FALSE,FALSE
Closed,Live Award,Successful,120037,Post MI disease trajectories,Alan Turing Institute,"Hall, Marlous, Dr",Inst Cardiovasc & Metabolic Med (LICAMM),Faculty of Medicine & Health,01/02/2021,31/07/2022,,03/10/2019,10/01/2021,"242,976.74","95,969.31",120037,TRUE,FALSE,FALSE,FALSE
Closed,Live Award,Successful,120400,Improving Patient Experience and Outcomes in Bowel Cancer Screening,NIHR National Inst Health Research,"Quirke, Philip, Prof",Division of Pathology and Data Analytics,Faculty of Medicine & Health,01/08/2020,31/07/2024,,20/01/2020,20/10/2020,"681,962.55","572,178.43",120400,TRUE,FALSE,FALSE,FALSE
Closed,Live Award,Successful,120724,Does father involvement increase children's educational attainment at primary school?,ESRC (Economic and Social Research Council),"Norman, Helen, Dr",Faculty of Business,Faculty of Business,01/04/2021,30/06/2023,,25/06/2020,30/03/2021,"223,804.61","179,043.69",120724,FALSE,FALSE,FALSE,FALSE
Closed,Live Award,Successful,121416,Better Care Partnership,Health Data Research UK,"Clegg, Andrew, Prof",AU Elderly Care,Faculty of Medicine & Health,01/05/2020,31/03/2023,,29/05/2020,15/07/2020,"795,818.72","151,930.00",121416,FALSE,FALSE,FALSE,FALSE
Closed,Live Award,Successful,121428,Delivering societal impact through place-based urban analytics,Alan Turing Institute,"Mushtaq, Faisal, Prof",School of Psychology,Faculty of Medicine & Health,28/09/2020,31/03/2022,,11/05/2020,11/01/2021,"222,380.77","195,396.25",121428,FALSE,TRUE,FALSE,FALSE
Closed,Live Award,Successful,121754,COVID-19: Healthcare Workers: an in depth virological analysis and behavioural study during the outbreak,MRC (Medical Research Council),"Manley, Edward, Prof",School of Geography,Faculty of Environment,22/04/2020,30/09/2022,,06/03/2020,06/07/2020,"396,139.00","316,911.20",121754,FALSE,FALSE,FALSE,FALSE
Closed,Live Award,Successful,122148,COVID: Reducing the Unanticipated Crime Harms of Covid-19 Policies,RCUK (Research Councils UK),"Farrell, Graham, Prof",School of Law,Faculty of Social Sciences,10/06/2020,09/12/2021,,04/05/2020,28/07/2020,"369,604.72","295,683.77",122148,TRUE,FALSE,FALSE,FALSE
Closed,Live Award,Successful,122211,DeCOVID,Alan Turing Institute,"Westhead, David, Prof",School of Molecular and Cellular Biology,Faculty of Biological Sciences,27/04/2020,30/04/2021,,02/12/2020,02/12/2020,"122,401.53","74,506.86",122211,FALSE,TRUE,FALSE,FALSE
Closed,Live Award,Successful,122581,A people and place centred approach to generating public data and developing public policy: A case study of Bradford’s cultural sector,ESRC (Economic and Social Research Council),"Walmsley, Benjamin, Prof",Performance and Cultural Industries,"Faculty of Arts, Humanities and Cultures",01/01/2021,31/03/2022,,04/11/2020,22/01/2021,"116,944.13","93,555.29",122581,FALSE,FALSE,FALSE,FALSE
Closed,Live Award,Successful,122689,COVID-19 Leeds Lifeband,Innovate UK fka Technology Strategy Board (TSB),"Grant-Muller, Susan, Prof",Institute for Transport Studies,Faculty of Environment,01/08/2021,31/03/2023,,02/12/2020,24/03/2021,"369,524.02","295,618.77",122689,FALSE,FALSE,FALSE,FALSE
Closed,Live Award,Successful,122799,Transport Risk Assesment for Covid Knowledge,EPSRC (Engineering and Physical Sciences Research Council),"Noakes, Catherine, Prof",School of Civil Engineering,Faculty of Engineering & Physical Sci.,29/09/2020,31/12/2023,,18/08/2020,29/09/2020,"765,711.26","612,569.00",122799,TRUE,FALSE,FALSE,FALSE
Closed,Live Award,Successful,123758,Pump Priming - Nisar,Royal College of Surgeons of Edinbu,"Nisar, Sohail Ahmed, Dr",Inst of Rheum & Musculoskel Med (LIRMM),Faculty of Medicine & Health,01/10/2020,30/09/2023,,19/11/2020,19/11/2020,"10,318.40","9,600.00",123758,TRUE,FALSE,FALSE,FALSE
Closed,Live Award,Successful,124504,Early detection of myeloma based on reflex testing of routine blood tests,Cancer Research UK Supplier No: 138573,"Smith, Lesley, Dr",Primary/Palliative Care & Public Health,Faculty of Medicine & Health,01/10/2021,31/05/2023,,17/03/2021,07/12/2021,"173,266.23","76,030.48",124504,TRUE,FALSE,FALSE,FALSE
Closed,Live Award,Successful,125709,Preventing ‘cuckoo’ victimisation,University of Manchester,"Bainbridge, Laura, Dr",School of Law,Faculty of Social Sciences,01/04/2022,31/05/2024,,11/08/2021,27/01/2022,"78,237.36","26,101.20",125709,FALSE,FALSE,FALSE,FALSE
Closed,Live Award,Successful,126603,Qualitative research to understand the support needs of disabled adult rape victim-survivors,Ministry of Justice Commercial,"Hollomotz, Andrea, Dr",School of Sociology and Social Policy,Faculty of Social Sciences,01/02/2022,30/09/2022,,13/12/2021,10/02/2022,"64,474.03","64,474.03",126603,TRUE,FALSE,FALSE,FALSE
Closed,Live Award,Successful,127288,Computational Linguistics and Language Learning.  Error identification in advanced learners of Mandarin Chinese,Government,"May, Alison, Dr",School of English,"Faculty of Arts, Humanities and Cultures",01/06/2022,31/03/2024,,12/05/2022,21/07/2022,"177,781.30","177,781.30",127288,TRUE,FALSE,FALSE,FALSE
Closed,Live Award,Successful,479062,Seafood,NIHR National Inst Health Research,"Hull, Mark, Prof",Molecular Gastroenterology,Faculty of Medicine & Health,01/11/2010,31/10/2017,,23/12/2009,27/09/2010,"555,836.21","491,108.17",479062,FALSE,FALSE,FALSE,FALSE
Closed,Live Award,Successful,483456,Does bariatric surgery increase the risk of colorectal cancer?,World Cancer Research Fund,"Hull, Mark, Prof",Molecular Gastroenterology,Faculty of Medicine & Health,01/04/2013,01/04/2016,,16/12/2011,03/05/2013,"199,705.49","82,773.00",483456,FALSE,FALSE,FALSE,FALSE
Closed,Live Award,Successful,483493,eUropean naturalistic Driving and Riding for Infrastructure & Vehicle safety and Environment,EU - European Union,"Carsten, Oliver, Prof",Institute for Transport Studies,Faculty of Environment,01/10/2012,30/06/2017,,22/12/2011,11/04/2013,"257,764.61","188,398.94",483493,FALSE,FALSE,FALSE,FALSE
Closed,Live Award,Successful,485337,"Understanding age inequalities in cancer diagnosis, treatment and outcomes in breast, colorectal, lung and ovarian tumours and leukaemia",Cancer Research UK Supplier No: 138573,"Birch, Rebecca, Dr",Epidemiology & Biostatistics,Faculty of Medicine & Health,01/03/2014,28/02/2018,,16/11/2012,18/02/2014,"397,392.74","174,076.58",485337,FALSE,FALSE,FALSE,FALSE
Closed,Live Award,Successful,485638,Yorkshire Register of Diabetes in Children and Young People (YRDCYP) 2012/13,Leeds Teaching Hospitals NHS Trust,"Parslow, Roger, Dr",Division of Epidemiology & Biostatistics,Faculty of Medicine & Health,01/04/2012,31/03/2013,,22/01/2013,14/03/2013,"15,559.59","15,559.59",485638,FALSE,FALSE,FALSE,FALSE
Closing,Live Award,Successful,100557,ALPHA,NIHR National Inst Health Research,"Wittmann, Miriam, Dr",Inst of Rheum & Musculoskel Med (LIRMM),Faculty of Medicine & Health,01/01/2015,30/06/2022,08/05/2013,09/09/2013,29/01/2015,"2,526,142.03","2,114,934.45",100557,TRUE,FALSE,FALSE,FALSE
Closing,Live Award,Successful,105340,ISCOMAT,NIHR National Inst Health Research,"Alldred, David, Prof",School of Healthcare,Faculty of Medicine & Health,01/01/2016,13/11/2022,,14/01/2015,24/11/2015,"1,436,981.56","977,464.47",105340,FALSE,FALSE,FALSE,FALSE
Closing,Live Award,Successful,106451,Using comprehensive patient records (CPR) to analyse cancer outcomes research,Macmillan Cancer Support Grants Department,"Glaser, Adam, Prof",Epidemiology & Biostatistics,Faculty of Medicine & Health,01/10/2015,30/06/2023,,18/11/2015,23/12/2015,"1,244,614.45","676,575.47",106451,TRUE,FALSE,FALSE,FALSE
Closing,Live Award,Successful,107713,Treatment According to Response in Giant cEll arTeritis (TARGET),MRC (Medical Research Council),"Morgan, Ann, Prof",Inst Cardiovasc & Metabolic Med (LICAMM),Faculty of Medicine & Health,01/08/2017,31/07/2022,,15/03/2016,27/02/2017,"852,444.53","681,955.62",107713,FALSE,FALSE,FALSE,FALSE
Closing,Live Award,Successful,108193,Relationship between care home staffing and quality of care: a mixed methods approach,NIHR National Inst Health Research,"Spilsbury, Karen, Prof",School of Healthcare,Faculty of Medicine & Health,01/07/2017,31/03/2022,18/12/2015,11/05/2016,19/01/2017,"1,171,728.22","977,728.85",108193,TRUE,FALSE,FALSE,FALSE
Closing,Live Award,Successful,108345,INTACT,Bowel and Cancer Research dnu - merged with BDRF,"Jayne, David, Prof",Trans Anaesthetics & Surgical Sciences,Faculty of Medicine & Health,01/09/2016,31/05/2024,,28/01/2016,28/07/2016,0,0,108345,TRUE,FALSE,FALSE,FALSE
Closing,Live Award,Successful,108345,INTACT,NIHR National Inst Health Research,"Jayne, David, Prof",Trans Anaesthetics & Surgical Sciences,Faculty of Medicine & Health,01/09/2016,31/05/2024,,28/01/2016,28/07/2016,"2,886,112.00","2,387,199.00",,TRUE,FALSE,FALSE,FALSE
Closing,Live Award,Successful,108345,INTACT,Not Assigned,"Jayne, David, Prof",Trans Anaesthetics & Surgical Sciences,Faculty of Medicine & Health,01/09/2016,31/05/2024,,28/01/2016,28/07/2016,,,,TRUE,FALSE,FALSE,FALSE
Closing,Live Award,Successful,108345,INTACT,Not Assigned,"Jayne, David, Prof",Trans Anaesthetics & Surgical Sciences,Faculty of Medicine & Health,01/09/2016,31/05/2024,,28/01/2016,28/07/2016,,,,TRUE,FALSE,FALSE,FALSE
Closing,Live Award,Successful,108962,Towards UK poSt Arthroplasty Follow-up rEcommendation: UK SAFE,NIHR National Inst Health Research,"Conaghan, Philip, Prof",Clinical & Translational Rheumatology,Faculty of Medicine & Health,01/12/2016,31/08/2020,04/04/2016,18/11/2016,25/01/2017,"1,285,002.96","1,115,887.50",108962,FALSE,FALSE,FALSE,FALSE
Closing,Live Award,Successful,109117,The early take-up of Core Mathematics: successes and challenges,Nuffield Foundation,"Homer, Matthew, Dr",School of Education,Faculty of Social Sciences,01/03/2017,31/07/2020,15/04/2016,06/07/2016,31/01/2017,"429,729.34","256,284.87",109117,FALSE,FALSE,FALSE,FALSE
Closing,Live Award,Successful,110590,'Data Assimilation for Agent-Based Models: Applications to Civil Emergencies’,EU - European Union,"Malleson, Nicolas, Prof",School of Geography,Faculty of Environment,01/01/2018,31/12/2023,,26/10/2016,23/01/2018,"1,771,991.88","1,278,743.18",110590,FALSE,TRUE,FALSE,FALSE
Closing,Live Award,Successful,113840,CREST2,NIHR National Inst Health Research,"Mujica-Mota, Ruben, Dr",Division of Health Economics,Faculty of Medicine & Health,01/07/2017,30/04/2025,,18/05/2018,07/06/2018,"96,824.00","77,459.20",113840,TRUE,FALSE,FALSE,FALSE
Closing,Live Award,Successful,115476,CanAssess,Yorkshire Cancer Research Account Ref: 2UOLEEDS,"Farrin, Amanda, Prof",Inst of Clinical Trials Research (LICTR),Faculty of Medicine & Health,01/07/2019,31/07/2024,28/04/2018,11/09/2018,20/07/2020,"1,259,975.83","762,093.43",115476,TRUE,FALSE,FALSE,FALSE
Closing,Live Award,Successful,116997,SPENSER - Synthetic Population Estimation and Scenario Projection Model,Alan Turing Institute,"Lomax, Nikolas, Prof",School of Geography,Faculty of Environment,01/04/2018,30/11/2022,,04/07/2019,23/07/2019,"402,153.06","195,598.00",116997,FALSE,FALSE,FALSE,FALSE
Closing,Live Award,Successful,117324,STudy Of Prevention by Aspirin anD EPA; kNowledge Of Mechanism of Action (STOP-ADENOMA),NIHR National Inst Health Research,"Hull, Mark, Prof",Molecular Gastroenterology,Faculty of Medicine & Health,01/09/2019,31/07/2023,,11/01/2019,30/07/2019,"695,230.84","622,202.63",117324,TRUE,FALSE,FALSE,FALSE
Closing,Live Award,Successful,117487,Creating a Digital Twin (SPF) SPENSER and other components,Alan Turing Institute,"Lomax, Nikolas, Prof",School of Geography,Faculty of Environment,01/11/2018,31/03/2023,,29/03/2019,05/07/2019,"1,050,939.51","945,088.00",117487,FALSE,TRUE,FALSE,FALSE
Closing,Live Award,Successful,117503,Act Early UKPRP Proposal,MRC (Medical Research Council),"Mon-Williams, Mark, Prof",School of Psychology,Faculty of Medicine & Health,01/09/2019,31/03/2025,,20/12/2018,02/07/2020,"96,490.19","64,530.73",117503,FALSE,FALSE,FALSE,FALSE
Closing,Live Award,Successful,118631,Impact Acceleration Account 2019,ESRC (Economic and Social Research Council),"Crawford, T Adam, Prof",Faculty of ESSL Office,Faculty of Social Sciences,01/04/2019,31/03/2023,,04/04/2019,04/04/2019,"1,400,000.00","1,400,000.00",118631,TRUE,TRUE,FALSE,FALSE
Closing,Live Award,Successful,119479,"Understanding access to palliative care by ethnic minority groups in the UK, with a focus on South Asian populations",Academy of Medical Sciences,"Clarke, Gemma, Dr",Primary/Palliative Care & Public Health,Faculty of Medicine & Health,01/09/2020,31/08/2023,,24/06/2019,19/02/2020,"191,388.84","98,470.35",119479,TRUE,FALSE,FALSE,FALSE
Closing,Live Award,Successful,119615,Real world evidence and advanced analytics using comprehensive linked patient records in cancer,UKRI (UK Research and Innovation),"Hall, Geoffrey, Prof",Division of Oncology,Faculty of Medicine & Health,01/10/2019,31/08/2022,,04/09/2019,17/12/2019,"1,549,881.19","1,239,904.96",119615,FALSE,FALSE,FALSE,FALSE
Closing,Live Award,Successful,120071,Responsible Automation for Inclusive Mobility (RAIM): Using AI to Develop Future Transport Systems that Meet the Needs of Ageing Populations,ESRC (Economic and Social Research Council),"Manley, Edward, Prof",School of Geography,Faculty of Environment,01/02/2020,31/01/2024,,26/09/2019,29/01/2020,"461,605.00","369,284.00",120071,TRUE,FALSE,FALSE,FALSE
Closing,Live Award,Successful,121055,"The Self Harm, Assessment, Follow-up and Engagement Treatment Trial (The SAFE Treatment Trial)",NIHR National Inst Health Research,"Guthrie, Elspeth, Prof",Psychological & Social Medicine,Faculty of Medicine & Health,01/03/2021,31/01/2024,30/01/2020,28/05/2020,12/11/2020,"902,282.01","731,518.81",121055,TRUE,FALSE,FALSE,FALSE
Closing,Live Award,Successful,121999,CiC 2020-2023,MRC (Medical Research Council) Exception,"Plant, Nicholas, Prof",Research and Innovation Service,Central Admin & Support Services (CASS),31/03/2020,31/03/2023,,10/06/2020,10/06/2020,"914,328.00","690,230.11",121999,FALSE,FALSE,FALSE,FALSE
Closing,Live Award,Successful,122471,COVID-19 i-sense2: EPSRC IRC in Agile Early Warning Sensing Systems for Infectious Diseases and Antimicrobial Resistance,EPSRC (Engineering and Physical Sciences Research Council),"Manley, Edward, Prof",School of Geography,Faculty of Environment,06/11/2019,31/03/2024,,20/10/2020,20/10/2020,"158,521.79","126,817.42",122471,FALSE,FALSE,FALSE,FALSE
Closing,Live Award,Successful,125725,Transport Risk Assessment for COVID Knowledge - Integration and Implementation (TRACK - II),EPSRC (Engineering and Physical Sciences Research Council),"Noakes, Catherine, Prof",School of Civil Engineering,Faculty of Engineering & Physical Sci.,29/03/2022,31/12/2023,,06/01/2022,30/03/2022,"964,538.89","771,631.03",125725,TRUE,FALSE,FALSE,FALSE
Pre-Award,Application,Central Approval,135761,Target Trial Emulation for Management of MI for individuals with Multimorbidity,Wellcome Trust,"Hall, Marlous, Dr",Inst Cardiovasc & Metabolic Med (LICAMM),Faculty of Medicine & Health,01/01/2026,31/12/2033,,,,"4,906,805.62","1,982,955.89",135761,TRUE,FALSE,FALSE,FALSE
Pre-Award,Application,FRO Costing and Pricing,133920,STEPFORWARD,NIHR National Inst Health Research,"Mujica-Mota, Ruben, Dr",Division of Health Economics,Faculty of Medicine & Health,15/01/2026,14/01/2030,,,,"192,928.84","154,343.06",133920,TRUE,FALSE,FALSE,FALSE
Pre-Award,Application,Not Funded,118936,Mobility Restoration and Monitoring,EPSRC (Engineering and Physical Sciences Research Council),"Dehghani-Sanij, Abbas, Prof",School of Mechanical Engineering,Faculty of Engineering & Physical Sci.,01/10/2021,30/09/2026,16/07/2020,26/02/2021,,"3,790,120.51","3,032,096.39",118936,FALSE,FALSE,FALSE,FALSE
Pre-Award,Application,Not Funded,119515,Comparing approaches to identify frail older adults in England,NIHR National Inst Health Research,"Clegg, Andrew, Prof",AU Elderly Care,Faculty of Medicine & Health,01/04/2020,30/09/2021,,09/08/2019,,"14,402.63","11,522.10",119515,TRUE,FALSE,FALSE,FALSE
Pre-Award,Application,Not Funded,119536,Statistical methods for predicting outcomes based on historical information and biomarkers,EPSRC (Engineering and Physical Sciences Research Council),"Houwing-Duistermaat, Jeanne, Prof",School of Mathematics,Faculty of Engineering & Physical Sci.,01/07/2020,30/06/2024,,31/07/2019,,"1,177,694.21","942,155.42",119536,FALSE,FALSE,FALSE,FALSE
Pre-Award,Application,Not Funded,121340,The Aire and Calder Catchment Observatory (ACCO) demonstrator,NERC (Natural Environment Research Council),"Holden, Joseph, Prof",School of Geography,Faculty of Environment,14/08/2020,13/08/2022,,29/01/2020,,"1,175,998.88","940,799.05",121340,FALSE,FALSE,FALSE,FALSE
Pre-Award,Application,Not Funded,121789,Who should deliver emergency surgical care?,Academy of Medical Sciences,"Pike, Thomas, Mr",Division of Gastroenterology and Surgery,Faculty of Medicine & Health,01/08/2020,31/07/2021,,09/03/2020,,"50,983.08","28,820.11",121789,FALSE,FALSE,FALSE,FALSE
Pre-Award,Application,Not Funded,121923,"Do statins, for primary prevention, reduce cardiovascular events among adults aged 85 years and over and is this affected by frailty?",MRC (Medical Research Council),"Clegg, Andrew, Prof",AU Elderly Care,Faculty of Medicine & Health,01/09/2020,31/08/2023,,06/04/2020,,"502,485.33","262,246.86",121923,FALSE,FALSE,FALSE,FALSE
Pre-Award,Application,Not Funded,122280,Uncertainty Quantification for Agent Based Models,UKRI (UK Research and Innovation),"Ge, Jiaqi, Dr",School of Geography,Faculty of Environment,01/10/2020,31/03/2022,,01/10/2020,,"245,071.17","196,056.93",122280,FALSE,FALSE,FALSE,FALSE
Pre-Award,Application,Not Funded,122942,PULSE (Design Optimisation of Pulse Extraction Columns for Future Generation Nuclear Reprocessing),EPSRC (Engineering and Physical Sciences Research Council),"Hanson, Bruce, Prof",School of Chemical & Process Engineering,Faculty of Engineering & Physical Sci.,01/04/2022,30/06/2025,,25/06/2021,,"666,667.34","538,773.82",122942,FALSE,FALSE,FALSE,FALSE
Pre-Award,Application,Not Funded,123088,EU: FORECASTER - Face evOlving thReats and protEct publiC spAces with Smarter integraTed sEcuRity,EU - European Union,"Birks, Daniel, Prof",School of Law,Faculty of Social Sciences,01/05/2021,30/04/2023,,25/08/2020,,"781,751.87","458,150.29",123088,FALSE,FALSE,FALSE,FALSE
Pre-Award,Application,Not Funded,123166,Applying machine learning to develop an electronic Frailty Index based on blood biomarkers,Wellcome Trust,"Best, Kate, Dr",Primary/Palliative Care & Public Health,Faculty of Medicine & Health,01/04/2021,31/03/2026,,06/10/2020,,"581,267.54","293,417.08",123166,FALSE,FALSE,FALSE,FALSE
Pre-Award,Application,Not Funded,123395,DynAIRx,NIHR National Inst Health Research,"Ruddle, Roy, Prof",School of Computer Science,Faculty of Engineering & Physical Sci.,01/06/2021,31/05/2024,24/11/2020,30/03/2021,,"1,669,499.49","1,335,599.80",123395,TRUE,FALSE,FALSE,FALSE
Pre-Award,Application,Not Funded,123634,Beyond the temporal limits of super-resolution microscopy,MRC (Medical Research Council),"Ponjavic, Aleks, Dr",School of Physics and Astronomy,Faculty of Engineering & Physical Sci.,01/11/2021,31/10/2025,10/12/2020,23/02/2021,,"1,856,164.49","1,472,263.22",123634,FALSE,FALSE,FALSE,FALSE
Pre-Award,Application,Not Funded,123646,"Developing and profiling digital lifestyle phenotypes in the UK to promote personal, population and planetary health",UKRI (UK Research and Innovation),"Morris, Michelle, Prof",Division of Pathology and Data Analytics,Faculty of Medicine & Health,01/01/2022,31/12/2025,11/01/2021,25/02/2021,,"1,862,547.60","1,459,439.79",123646,FALSE,FALSE,FALSE,FALSE
Pre-Award,Application,Not Funded,123720,Understanding symptom experience for people living with pancreatic cancer,Pancreatic Cancer UK,"Chapman, Emma, Dr",Primary/Palliative Care & Public Health,Faculty of Medicine & Health,01/09/2021,31/08/2022,,20/11/2020,,"168,615.98","62,937.18",123720,FALSE,FALSE,FALSE,FALSE
Pre-Award,Application,Not Funded,123836,Data+Design-Driven Smart Manufacture for AppaRel and Textiles (DDD-SMART),EPSRC (Engineering and Physical Sciences Research Council),"Westland, Stephen, Prof",School of Design,"Faculty of Arts, Humanities and Cultures",01/07/2021,31/12/2024,,04/02/2021,,"2,708,389.56","2,406,711.67",123836,TRUE,FALSE,FALSE,FALSE
Pre-Award,Application,Not Funded,123866,Primary care ImpLementation Laboratory,NIHR National Inst Health Research,"Alderson, Sarah, Dr",Primary/Palliative Care & Public Health,Faculty of Medicine & Health,01/01/2022,31/12/2026,,07/07/2021,,"3,243,047.62","1,897,458.57",123866,TRUE,FALSE,FALSE,FALSE
Pre-Award,Application,Not Funded,124023,"Data, Disparities and Discrepancies in the Food System",MRC (Medical Research Council),"Morris, Michelle, Prof",Division of Pathology and Data Analytics,Faculty of Medicine & Health,01/07/2021,30/06/2026,,25/02/2021,,"1,143,983.11","766,468.72",124023,FALSE,FALSE,FALSE,FALSE
Pre-Award,Application,Not Funded,124347,Oxysterol-LXRα axis: the new player in breast cancer immune resistance,MRC (Medical Research Council) Exception,"Cioccoloni, Giorgia, Dr",Food Science,Faculty of Environment,01/06/2022,31/05/2027,,20/09/2021,,"1,718,326.18","1,374,660.91",124347,TRUE,FALSE,FALSE,FALSE
Pre-Award,Application,Not Funded,124568,Understanding Long-term Physical and Mental Health Outcomes of Adolescent and Young Adult Cancer Survivors from South-Asian Backgrounds,NIHR National Inst Health Research,"Uddin, Rizwana, Miss",Division of Health Economics,Faculty of Medicine & Health,01/10/2022,30/09/2025,,14/01/2022,,"539,106.08","400,773.27",124568,TRUE,FALSE,FALSE,FALSE
Pre-Award,Application,Not Funded,124742,Pedro NIHR Pre-doctoral Fellowship (Round 3),NIHR National Inst Health Research,"Rodrigues, Pedro, Mr",Division of Health Economics,Faculty of Medicine & Health,01/09/2021,28/02/2023,,29/03/2021,,"214,989.03","56,725.34",124742,FALSE,FALSE,FALSE,FALSE
Pre-Award,Application,Not Funded,124877,CRUK Centre,Cancer Research UK Supplier No: 138573,"Sebag-Montefiore, David, Prof",Division of Oncology,Faculty of Medicine & Health,01/04/2022,31/03/2027,28/05/2021,03/02/2022,,"5,835,461.71","2,499,795.75",124877,FALSE,FALSE,FALSE,FALSE
Pre-Award,Application,Not Funded,125655,gw_verse,EPSRC (Engineering and Physical Sciences Research Council),"Comber, Alexis, Prof",School of Geography,Faculty of Environment,01/04/2022,31/03/2024,,12/01/2022,,"323,935.58","259,148.48",125655,FALSE,FALSE,FALSE,FALSE
Pre-Award,Application,Not Funded,125739,Understanding Equity and value to improve cancer care – EQUIVALENCE,MRC (Medical Research Council) CTU Clinical Trials Unit,"Spencer, Kathryn, Dr",Division of Health Economics,Faculty of Medicine & Health,01/09/2022,31/08/2027,,17/09/2021,,"1,623,284.09","1,298,627.27",125739,TRUE,FALSE,FALSE,FALSE
Pre-Award,Application,Not Funded,126079,MULTI-X,EPSRC (Engineering and Physical Sciences Research Council),"Frangi, Alejandro, Prof",School of Computer Science,Faculty of Engineering & Physical Sci.,29/06/2022,28/06/2025,,18/11/2021,,"2,199,245.78","1,759,396.13",126079,FALSE,FALSE,FALSE,FALSE
Pre-Award,Application,Not Funded,126479,Diabetes Care in the NHS Psychiatric Inpatient Setting,NIHR National Inst Health Research,"Goff, Zoe, Dr",Psychological & Social Medicine,Faculty of Medicine & Health,01/10/2022,30/09/2025,,31/03/2022,,"561,995.43","399,953.40",126479,TRUE,FALSE,FALSE,FALSE
Pre-Award,Application,Not Funded,126821,Finding and explaining missingness in multi-modality data,Alan Turing Institute,"Ruddle, Roy, Prof",School of Computer Science,Faculty of Engineering & Physical Sci.,01/06/2022,30/11/2023,,02/02/2022,,"248,547.54","182,741.86",126821,TRUE,FALSE,FALSE,FALSE
Pre-Award,Application,Not Funded,126910,Pragmatics in autistic children: Creating a community-informed tool,Leverhulme Trust,"Kascelan, Drasko, Dr",School of Languages Cultures & Societies,"Faculty of Arts, Humanities and Cultures",01/10/2022,30/09/2025,,18/03/2022,,"376,885.61","115,412.68",126910,TRUE,FALSE,FALSE,FALSE
Pre-Award,Application,Not Funded,126916,Psychotic symptom dimensions in a longitudinal birth cohort,BMA Foundation for Medical Research,"Cardno, Alastair, Dr",Psychological & Social Medicine,Faculty of Medicine & Health,01/09/2022,31/08/2023,,15/03/2022,,"149,575.96","64,826.70",126916,TRUE,FALSE,FALSE,FALSE
Pre-Award,Application,Not Funded,127022,FIND-AF: Proof of concept to commercial market,British Heart Foundation,"Gale, Christopher, Prof",Inst Cardiovasc & Metabolic Med (LICAMM),Faculty of Medicine & Health,01/12/2022,30/11/2025,,28/10/2022,,"855,291.36","527,102.59",127022,FALSE,FALSE,FALSE,FALSE
Pre-Award,Application,Not Funded,127277,Characterising multi-morbidity in the surgical population and it's associations to post-operative outcomes,MRC (Medical Research Council),"Drayton, Daniel, Mr",Inst Cardiovasc & Metabolic Med (LICAMM),Faculty of Medicine & Health,01/01/2023,31/12/2025,,24/05/2022,,"549,989.03","268,434.14",127277,TRUE,FALSE,FALSE,FALSE
Pre-Award,Application,Not Funded,127802,EQuITY - Equitable Digital Health Systems Innovation Hub,EPSRC (Engineering and Physical Sciences Research Council),"Frangi, Alejandro, Prof",School of Computer Science,Faculty of Engineering & Physical Sci.,01/06/2023,30/11/2025,,09/02/2023,,"3,493,641.59","2,794,913.14",127802,FALSE,FALSE,FALSE,FALSE
Pre-Award,Application,Not Funded,128018,Do contemporary plant-based diets in pregnancy and early childhood support healthy development and sustainability goals?,Royal Society,Not Known,Food Science,Faculty of Environment,01/10/2023,30/09/2031,,27/10/2022,,"1,778,149.27","1,547,749.88",128018,TRUE,FALSE,FALSE,FALSE
Pre-Award,Application,Not Funded,128314,Data driven EvaLuation of Impactful and Scalable interventions to encourage Healthier and more sustainable behaviours (DELISH),ESRC (Economic and Social Research Council),"Morris, Michelle, Prof",Division of Pathology and Data Analytics,Faculty of Medicine & Health,01/12/2022,30/04/2023,,30/11/2022,,"258,819.68","207,996.76",128314,TRUE,FALSE,FALSE,FALSE
Pre-Award,Application,Not Funded,128736,Diabetes and cancer – investigating how risk varies between individuals,Diabetes UK,"Downing, Amy, Dr",Division of Pathology and Data Analytics,Faculty of Medicine & Health,01/10/2023,30/09/2026,,30/11/2022,,"603,709.34","259,574.09",128736,TRUE,FALSE,FALSE,FALSE
Pre-Award,Application,Not Funded,129289,AI-Driven Framework for reducing ICT carbon footprint to enable UK’s net zero target,EPSRC (Engineering and Physical Sciences Research Council),"Djemame, Karim, Prof",School of Computer Science,Faculty of Engineering & Physical Sci.,01/05/2023,31/03/2025,,06/02/2023,,"351,398.79","281,118.98",129289,FALSE,FALSE,FALSE,FALSE
Pre-Award,Application,Not Funded,129497,Investigating diet and likelihood of multiple sclerosis in the UK Women's Cohort Study,Multiple Sclerosis Society,"Cade, Janet, Prof",Food Science,Faculty of Environment,01/01/2024,31/12/2024,,13/07/2023,,"142,907.27","49,991.04",129497,TRUE,FALSE,FALSE,FALSE
Pre-Award,Application,Not Funded,129524,CRAFT,EPSRC (Engineering and Physical Sciences Research Council),"Frangi, Alejandro, Prof",School of Computer Science,Faculty of Engineering & Physical Sci.,01/05/2023,30/04/2025,,19/05/2023,,"1,932,810.32","1,546,248.31",129524,FALSE,FALSE,FALSE,FALSE
Pre-Award,Application,Not Funded,129694,"Using AI to support self-monitoring in health research: focus on diet. 3R Study (Recruitment, retention, reporting)",UKRI (UK Research and Innovation),"Cade, Janet, Prof",Food Science,Faculty of Environment,01/10/2023,31/03/2025,,20/04/2023,,"726,762.92","581,410.34",129694,TRUE,FALSE,FALSE,FALSE
Pre-Award,Application,Not Funded,129750,Centre for Transforming Understanding of Spatial Inequalities,ESRC (Economic and Social Research Council),"Lomax, Nikolas, Prof",School of Geography,Faculty of Environment,08/01/2024,07/01/2029,17/05/2023,08/11/2023,,"1,799,185.85","1,439,348.70",129750,FALSE,FALSE,FALSE,FALSE
Pre-Award,Application,Not Funded,130082,Centre for Health equity and Climate Action (CHECA),ESRC (Economic and Social Research Council),"Grant-Muller, Susan, Prof",Institute for Transport Studies,Faculty of Environment,01/10/2024,30/09/2029,16/05/2023,25/01/2024,,"1,593,405.42","1,274,724.36",130082,FALSE,FALSE,FALSE,FALSE
Pre-Award,Application,Not Funded,130345,AI for Future Transport Hub,EPSRC (Engineering and Physical Sciences Research Council),"Liu, Ronghui, Prof",Institute for Transport Studies,Faculty of Environment,01/02/2024,31/01/2029,,04/07/2023,,"1,476,454.09","1,181,163.27",130345,FALSE,FALSE,FALSE,FALSE
Pre-Award,Application,Not Funded,131411,"Hearing lost voices: Women's Aid, women's activism and domestic abuse law reform",AHRC (Arts & Humanities Research Council),"Lewis, Samantha, Dr",School of Law,Faculty of Social Sciences,01/01/2025,31/12/2026,,26/03/2024,,"566,709.69","453,367.75",131411,TRUE,FALSE,FALSE,FALSE
Pre-Award,Application,Not Funded,131433,PROMACT : Patient reported outcome measures in action,Wellcome Trust,"Greenhalgh, Joanne, Prof",School of Sociology and Social Policy,Faculty of Social Sciences,01/03/2025,28/02/2030,,08/04/2024,,"1,506,241.81","599,919.55",131433,TRUE,FALSE,FALSE,FALSE
Pre-Award,Application,Not Funded,133321,ADMIRAL: Advancing Detection and Mitigation of Antimicrobial Resistance in and Across LMICs.,UKRI (UK Research and Innovation),"Mitra, Suparna, Dr",Division of Gastroenterology and Surgery,Faculty of Medicine & Health,01/12/2025,30/11/2029,,19/07/2024,,"2,247,656.56","1,811,395.66",133321,TRUE,FALSE,FALSE,FALSE
Pre-Award,Application,Not Funded,133483,Power of Pestering on Purchases of Unhealthy Foods,NIHR National Inst Health Research,"Fildes, Alison, Dr",School of Psychology,Faculty of Medicine & Health,01/07/2025,30/06/2027,26/06/2024,31/10/2024,,"456,001.12","418,053.53",133483,TRUE,FALSE,FALSE,FALSE
Pre-Award,Application,Not Funded,133543,ACTIVATE,NIHR National Inst Health Research,"Chapman, Emma, Dr",Primary/Palliative Care & Public Health,Faculty of Medicine & Health,01/04/2025,31/10/2030,,17/07/2024,,"1,353,569.67","1,010,311.54",133543,TRUE,FALSE,FALSE,FALSE
Pre-Award,Application,Pending,133580,NIHR PHR: York/Bradford Public Health Intervention Responsive Studies Team,NIHR National Inst Health Research,"Morris, Michelle, Prof",Food Science,Faculty of Environment,01/08/2025,31/07/2030,01/07/2024,29/04/2025,,"64,064.34","51,251.46",133580,FALSE,FALSE,FALSE,FALSE
Pre-Award,Application,Pending,135765,"AI authors: credit, accountability, and copyright",ESRC (Economic and Social Research Council),"Habgood-Coote, Joshua, Dr",School of PRHS,"Faculty of Arts, Humanities and Cultures",30/09/2025,29/03/2027,,24/04/2025,,"247,785.97","194,486.63",135765,FALSE,FALSE,TRUE,FALSE
Pre-Award,Application,Pending,136107,Feasibility of computer-vision markers of neurodevelopmental conditions from smartphone video,NIHR National Inst Health Research,"Wong, David, Dr",Division of Health Services Research,Faculty of Medicine & Health,01/10/2026,30/09/2027,,29/04/2025,,"94,706.76","81,651.99",136107,TRUE,FALSE,FALSE,FALSE
Pre-Award,Application,PI Development,135213,"Making health and social care research more inclusive for disabled people: co-design, implementation, and realist evaluation of INCLUDE disability resources",NIHR National Inst Health Research,"Anderson, Anna, Dr",School of Healthcare,Faculty of Medicine & Health,01/01/2026,31/12/2030,,,,"1,951,671.45","1,563,797.96",135213,TRUE,FALSE,FALSE,FALSE
Pre-Award,Application,Primary Approval,134025,The Global Brain Platform,Wellcome Trust,"Mushtaq, Faisal, Prof",School of Psychology,Faculty of Medicine & Health,01/01/2026,31/12/2033,,,,"1,368,488.36","1,000,328.30",134025,FALSE,FALSE,TRUE,FALSE
Pre-Award,Application,Withdrawn,121388,MRC Multimorbidity Grant,MRC (Medical Research Council) CTU Clinical Trials Unit,"Hall, Marlous, Dr",Inst Cardiovasc & Metabolic Med (LICAMM),Faculty of Medicine & Health,01/01/2021,31/12/2023,,,,"1,315,145.84","1,052,116.62",121388,FALSE,FALSE,FALSE,FALSE
Pre-Award,Application,Withdrawn,131819,MRC Biomedical Data Science Leadership scheme,MRC (Medical Research Council),"Westhead, David, Prof",School of Molecular and Cellular Biology,Faculty of Biological Sciences,01/10/2024,30/09/2026,13/12/2023,,,"439,728.32","345,592.53",131819,FALSE,FALSE,FALSE,FALSE
Pre-Award,Award Acceptance,FRO Costing and Pricing,133473,A new paradigm for the geodynamo: data-driven models of core dynamics that explain and predict Earth’s magnetic shield,NERC (Natural Environment Research Council),"Livermore, Philip, Prof",School of Earth and Environment,Faculty of Environment,01/03/2025,28/02/2029,,15/07/2024,,"913,467.32","638,623.13",133473,FALSE,FALSE,FALSE,TRUE
Pre-Award,Award Acceptance,Withdrawn,129570,Computational Linguistics and Language Learning 2 (CLLL2) Subjectivity in microblogging in advanced learners of Mandarin Chinese,Government,"May, Alison, Dr",School of English,"Faculty of Arts, Humanities and Cultures",01/04/2023,31/03/2024,,17/03/2023,,"97,432.30","97,432.30",129570,TRUE,FALSE,FALSE,FALSE
Pre-Award,Outline,FRO Costing and Pricing,130503,Valuation of quality adjusted life years in economic evaluation of patient safety initiatives,NIHR National Inst Health Research,"Mattock, Richard, Dr",Division of Health Economics,Faculty of Medicine & Health,01/03/2024,28/02/2027,,,,"344,598.54","275,678.89",130503,TRUE,FALSE,FALSE,FALSE
Pre-Award,Outline,Not Funded,110915,Hate crime: Innovation in linking data to inform prevention strategies,ESRC (Economic and Social Research Council),"Lightowlers, Carly, Dr",School of Law,Faculty of Social Sciences,14/02/2017,13/02/2018,11/10/2016,,,"248,254.63","198,603.71",110915,FALSE,TRUE,FALSE,FALSE
Pre-Award,Outline,Not Funded,121307,A microsimulation health modelling network,Wellcome Trust,"Lomax, Nikolas, Prof",School of Geography,Faculty of Environment,01/05/2021,30/04/2024,06/03/2020,,,"355,269.81","165,093.37",121307,FALSE,FALSE,FALSE,FALSE
Pre-Award,Outline,Not Funded,121542,Graph-based Machine Learning and Attention Mechanisms: Interpretable Predictions from Temporal Structured Data,UKRI (UK Research and Innovation),"Relton, Samuel, Dr",Division of Health Services Research,Faculty of Medicine & Health,01/01/2021,31/12/2025,19/02/2020,,,"1,851,641.58","1,264,910.83",121542,FALSE,FALSE,FALSE,FALSE
Pre-Award,Outline,Not Funded,122618,Leonid Bogachev New Horizons Proposal,EPSRC (Engineering and Physical Sciences Research Council),"Bogachev, Leonid, Dr",School of Mathematics,Faculty of Engineering & Physical Sci.,11/01/2021,10/01/2023,22/06/2020,,,"245,504.84","196,403.89",122618,FALSE,FALSE,FALSE,FALSE
Pre-Award,Outline,Not Funded,122742,ALICE (Active Lifeband Informing Covid related Epidemiology for seniors),ESRC (Economic and Social Research Council),"Grant-Muller, Susan, Prof",Institute for Transport Studies,Faculty of Environment,01/03/2021,31/08/2023,29/07/2020,,,"1,090,636.33","917,509.10",122742,FALSE,FALSE,FALSE,FALSE
Pre-Award,Outline,Not Funded,122749,ESRC Centre Bid,ESRC (Economic and Social Research Council),"Russell, Sally, Prof",School of Earth and Environment,Faculty of Environment,01/10/2021,30/09/2026,08/10/2020,,,"5,083,914.88","4,120,742.68",122749,FALSE,FALSE,FALSE,FALSE
Pre-Award,Outline,Not Funded,123009,UK LAST,NIHR National Inst Health Research,"Stocken, Deborah, Prof",Inst of Clinical Trials Research (LICTR),Faculty of Medicine & Health,01/09/2021,31/08/2026,24/09/2020,,,"4,315,274.98","2,793,790.63",123009,FALSE,FALSE,FALSE,FALSE
Pre-Award,Outline,Not Funded,123598,"The Internet, Political Engagement and Citizenship; Cross-National Comparative Research; Mixed Methods Approaches including AI/machine learning/big data",UKRI (UK Research and Innovation),"Bolsover, Gillian, Dr",School of Politics & International Stud.,Faculty of Social Sciences,01/02/2022,31/01/2026,19/01/2021,,,"1,487,849.59","1,190,279.66",123598,FALSE,FALSE,FALSE,FALSE
Pre-Award,Outline,Not Funded,123991,"Communication of side effects, risks and rationale when prescribing medication in general practice: a secondary analysis of the Health Experience Research Group Archive and the One in a Million dataset (working title)",ESRC (Economic and Social Research Council),"Foy, Robbie, Prof",Primary/Palliative Care & Public Health,Faculty of Medicine & Health,01/03/2022,29/02/2024,23/03/2021,,,"205,987.36","164,789.89",123991,FALSE,FALSE,FALSE,FALSE
Pre-Award,Outline,Not Funded,124093,i-sense COVID Tracker: Harnessing data science and artificial intelligence approaches to strengthen outbreak detection and monitor the effectiveness of non-phamrmaceutical interventions,UKRI (UK Research and Innovation),"Manley, Edward, Prof",School of Geography,Faculty of Environment,01/02/2021,31/07/2022,15/12/2020,,,"256,482.13","205,185.71",124093,FALSE,FALSE,FALSE,FALSE
Pre-Award,Outline,Not Funded,124532,Leverhulme Centre for Forest Health,Leverhulme Trust,"Galbraith, David, Prof",School of Geography,Faculty of Environment,01/01/2022,31/12/2031,30/04/2021,,,"16,458,704.10","9,989,476.12",124532,FALSE,FALSE,FALSE,FALSE
Pre-Award,Outline,Not Funded,124734,Food supply redesign for sustainable and healthier lives,BBSRC (Biotechnology & Biological Sciences Research Council),"Cade, Janet, Prof",Food Science,Faculty of Environment,01/04/2022,31/03/2025,22/04/2021,,,"1,881,602.62","1,505,282.14",124734,FALSE,FALSE,FALSE,FALSE
Pre-Award,Outline,Not Funded,125203,"The ADOPT study: How does the adoption of electronic care planning affect the delivery, outcomes, processes and management of care in care homes? A mixed methods study",NIHR National Inst Health Research,"Charlwood, Andrew, Prof",Faculty of Business,Faculty of Business,01/05/2022,30/04/2024,01/09/2021,,,"518,188.96","414,551.10",125203,TRUE,FALSE,FALSE,FALSE
Pre-Award,Outline,Not Funded,125738,SHERLoC: Searching for HiddEn comoRbidities during Lung Cancer screening,NIHR National Inst Health Research,"Spencer, Kathryn, Dr",Division of Health Economics,Faculty of Medicine & Health,01/09/2022,31/08/2025,22/10/2021,,,"539,947.05","431,957.61",125738,TRUE,FALSE,FALSE,FALSE
Pre-Award,Outline,Not Funded,126143,Primary mental healthcare in Northern England: Improving the equity of services for diverse populations,NIHR National Inst Health Research,"Heuvelman, Hendrik, Dr",Psychological & Social Medicine,Faculty of Medicine & Health,01/11/2022,31/10/2024,16/11/2021,,,"407,559.21","325,931.42",126143,TRUE,FALSE,FALSE,FALSE
Pre-Award,Outline,Not Funded,127375,INFUZE,EPSRC (Engineering and Physical Sciences Research Council),"Marsden, Gregory, Prof",Institute for Transport Studies,Faculty of Environment,01/09/2023,31/08/2028,29/09/2022,,,"4,787,154.42","3,829,723.52",127375,FALSE,FALSE,FALSE,FALSE
Pre-Award,Outline,Not Funded,128128,Travel Resilience in Crisis: Community Strategies (TRICCOPS),ESRC (Economic and Social Research Council),"Grant-Muller, Susan, Prof",Institute for Transport Studies,Faculty of Environment,01/10/2023,31/03/2026,20/09/2022,,,"1,991,439.79","1,619,151.92",128128,FALSE,FALSE,FALSE,FALSE
Pre-Award,Outline,Not Funded,129272,"AI for All: AI for sustainability, equity and health - a holistic approach",EPSRC (Engineering and Physical Sciences Research Council),"Frangi, Alejandro, Prof",School of Computer Science,Faculty of Engineering & Physical Sci.,01/02/2024,31/01/2029,20/02/2023,,,"1,034,571.58","827,657.27",129272,FALSE,FALSE,FALSE,FALSE
Pre-Award,Outline,Not Funded,129297,AI Hub for Spatiotemporal Data in Cities,UKRI (UK Research and Innovation),"Manley, Edward, Prof",School of Geography,Faculty of Environment,01/02/2024,31/01/2029,16/02/2023,,,"962,893.64","770,314.91",129297,FALSE,FALSE,FALSE,FALSE
Pre-Award,Outline,Not Funded,129354,AUTOMATE (Automating Urban and TranspOrt Modelling with Artificial InTelligencE),EPSRC (Engineering and Physical Sciences Research Council),"Manley, Edward, Prof",School of Geography,Faculty of Environment,01/02/2024,31/01/2029,15/02/2023,,,"1,400,892.54","1,120,714.03",129354,FALSE,FALSE,FALSE,FALSE
Pre-Award,Outline,Not Funded,129365,MRC Centre,MRC (Medical Research Council),"Clegg, Andrew, Prof",AU Elderly Care,Faculty of Medicine & Health,01/07/2024,30/06/2031,28/02/2023,,,"13,253,177.09","10,624,352.88",129365,FALSE,FALSE,FALSE,FALSE
Pre-Award,Outline,Not Funded,129386,Future AI,EPSRC (Engineering and Physical Sciences Research Council),"Langfeld, Kurt, Prof",School of Mathematics,Faculty of Engineering & Physical Sci.,01/02/2024,31/01/2029,28/02/2023,,,"5,496,893.00","4,397,514.38",129386,FALSE,FALSE,FALSE,FALSE
Pre-Award,Outline,Not Funded,129395,SAFER AI Hub,EPSRC (Engineering and Physical Sciences Research Council),"Manley, Edward, Prof",School of Geography,Faculty of Environment,01/02/2024,31/01/2029,16/02/2023,,,"894,752.47","715,801.98",129395,FALSE,FALSE,FALSE,FALSE
Pre-Award,Outline,Not Funded,129463,CONNECT WELL,MRC (Medical Research Council),"Grant-Muller, Susan, Prof",Institute for Transport Studies,Faculty of Environment,01/09/2023,31/08/2024,16/02/2023,,,"403,524.51","322,819.62",129463,FALSE,FALSE,FALSE,FALSE
Pre-Award,Outline,Not Funded,130268,Exercise in Advanced Cancer Trial (EXACT),NIHR National Inst Health Research,"Beeken, Rebecca, Prof",Primary/Palliative Care & Public Health,Faculty of Medicine & Health,01/10/2024,30/09/2030,24/08/2023,,,"4,565,217.43","2,762,104.73",130268,TRUE,FALSE,FALSE,FALSE
Pre-Award,Outline,Not Funded,134656,DIAVERCE-Mobility: Designing Inclusive Automated Vehicles: Enabling Response and Communication for Equitable Mobility,UKRI (UK Research and Innovation),"Solernou Crusat, Albert, Dr",Institute for Transport Studies,Faculty of Environment,01/12/2025,30/11/2027,20/11/2024,,,"1,199,919.47","959,935.55",134656,FALSE,FALSE,FALSE,TRUE
Pre-Award,Outline,Pending,133674,"Induction of labour and the risk of adverse maternal, infant and child outcomes: A causal analysis in the Born in Bradford cohort",NIHR National Inst Health Research,"Tennant, Peter, Dr",Inst Cardiovasc & Metabolic Med (LICAMM),Faculty of Medicine & Health,01/07/2025,30/06/2026,12/07/2024,,,"215,253.66","172,202.95",133674,TRUE,FALSE,FALSE,FALSE
Pre-Award,Outline,Pending,136018,TRANSCONCORDE,Cancer Research UK Supplier No: 138573,"Brown, Sarah, Prof",Inst of Clinical Trials Research (LICTR),Faculty of Medicine & Health,01/12/2025,30/11/2028,29/04/2025,,,"480,739.98","215,011.57",136018,TRUE,FALSE,FALSE,FALSE